match_no,league,toto_round,toto_target_status,home_team,away_team,season,J1_round,match_date,節,match_id,datetime,stadium,actual_result,is_correct,predicted_result,home_score,away_score,home_fatigue_score,away_fatigue_score,home_acl_fatigue,away_acl_fatigue,home_acl_last_date,away_acl_last_date,home_acl_days_since,away_acl_days_since,home_acl_travel_type,away_acl_travel_type,home_total_fatigue_score,away_total_fatigue_score,datetime_weather,stadium_weather,is_rain,is_heavy_rain,is_strong_wind,temperature,wind_speed,last_updated_at,weather_missing,stats_1試合平均シュート数_home,stats_1試合平均枠内シュート数_home,stats_シュート決定率_home,stats_1試合平均得点数_home,stats_1試合平均パス数_home,stats_パス成功率_home,stats_1試合平均ドリブル数_home,stats_ドリブル成功率_home,stats_1試合平均スルーパス数_home,stats_スルーパス成功率_home,stats_1試合平均クロス数_home,stats_1試合平均空中戦勝利数_home,stats_空中戦勝率_home,stats_平均ボール支配率_home,stats_1試合平均チャンスクリエイト数_home,stats_1試合平均1vs1勝利数_home,stats_1試合平均こぼれ球奪取数_home,stats_ゴール期待値_home,stats_1試合平均被シュート数_home,stats_1試合平均被枠内シュート数_home,stats_1試合平均失点数_home,stats_1試合平均クリア数_home,stats_1試合平均タックル数_home,stats_タックル成功率_home,stats_1試合平均ブロック数_home,stats_1試合平均インターセプト数_home,stats_被ゴール期待値_home,stats_1試合平均被ゴール期待値_home,stats_被ゴール期待値 ※PKを除く_home,stats_クリーンシート総数_home,stats_stats_missing_ratio_home,stats_1試合平均シュート数_away,stats_1試合平均枠内シュート数_away,stats_シュート決定率_away,stats_1試合平均得点数_away,stats_1試合平均パス数_away,stats_パス成功率_away,stats_1試合平均ドリブル数_away,stats_ドリブル成功率_away,stats_1試合平均スルーパス数_away,stats_スルーパス成功率_away,stats_1試合平均クロス数_away,stats_1試合平均空中戦勝利数_away,stats_空中戦勝率_away,stats_平均ボール支配率_away,stats_1試合平均チャンスクリエイト数_away,stats_1試合平均1vs1勝利数_away,stats_1試合平均こぼれ球奪取数_away,stats_ゴール期待値_away,stats_1試合平均被シュート数_away,stats_1試合平均被枠内シュート数_away,stats_1試合平均失点数_away,stats_1試合平均クリア数_away,stats_1試合平均タックル数_away,stats_タックル成功率_away,stats_1試合平均ブロック数_away,stats_1試合平均インターセプト数_away,stats_被ゴール期待値_away,stats_1試合平均被ゴール期待値_away,stats_被ゴール期待値 ※PKを除く_away,stats_クリーンシート総数_away,stats_stats_missing_ratio_away,management_recent_injuries_suspensions_count_home,management_weather_influence_score_home,management_motivation_score_home,management_recent_injuries_suspensions_count_away,management_weather_influence_score_away,management_motivation_score_away,rankmot_rank_latest_home,rankmot_points_latest_home,rankmot_rank_change_3w_home,rankmot_points_change_3w_home,rankmot_motivation_score_3w_home,rankmot_rank_change_5w_home,rankmot_points_change_5w_home,rankmot_motivation_score_5w_home,rankmot_season_home,rankmot_fetched_date_home,rankmot_rank_latest_away,rankmot_points_latest_away,rankmot_rank_change_3w_away,rankmot_points_change_3w_away,rankmot_motivation_score_3w_away,rankmot_rank_change_5w_away,rankmot_points_change_5w_away,rankmot_motivation_score_5w_away,rankmot_season_away,rankmot_fetched_date_away,absence_impact_total_home,absence_impact_attack_home,absence_impact_defense_home,absence_players_count_home,absence_impact_total_away,absence_impact_attack_away,absence_impact_defense_away,absence_players_count_away,absence_missing_home,absence_missing_away,absence_effective_total_home,absence_effective_attack_home,absence_effective_defense_home,absence_effective_total_away,absence_effective_attack_away,absence_effective_defense_away,absence_cap_applied_home,absence_cap_applied_away,stats_asof,stats_source_csv,home_elo_at_prediction,away_elo_at_prediction,home_advantage_diff,home_advantage_profile_diff,hfa_applied_elo,hfa_added_to_diff,hfa_clip_min,hfa_clip_max,elo_diff_scale_factor,elo_diff_before_hfa,elo_diff_after_hfa,diff_raw_no_hfa,elo_diff_scaled,elo_diff_for_prob,elo_diff_used_for_prob,expected_home_two_way,is_home_advantage_positive,prob_home_win_raw,prob_draw_raw,prob_away_win_raw,draw_tweak_mode,base_prob_home,base_prob_draw,base_prob_away,prob_home_win_before_signfix,prob_away_win_before_signfix,elo_sign_fix_applied,elo_sign_fix_reason,prob_home_raw,prob_away_raw,final_prob_home,final_prob_draw,final_prob_away,prob_delta_home,prob_delta_draw,prob_delta_away,residue_detected,prob_home_win,prob_draw,prob_away_win,prob_home,prob_away,final_result,decision_reason,force_draw_applied,argmax_result,argmax_max_prob,argmax_raw_result,argmax_raw_max_prob,d_scaled,decision_draw_expectation_multiplier,decision_draw_assign_enabled,predicted_highest_prob_result,stats_home_missing,stats_away_missing,management_missing,data_quality_warn,narrow_draw_override_applied,narrow_draw_override_reason,draw_candidate_gap,draw_candidate_prob_draw,draw_candidate_flag,draw_candidate_rule_result,draw_candidate_reason,flab_trial_flag,flab_trial_score,flab_trial_reason,flab_trial_available_metrics,flab_trial_agree_count,flab_trial_contradict_count,flab_trial_strong_contradict_count,flab_trial_avg_abs_edge,flab_trial_home_edge_allowed_shot_conversion,flab_trial_home_edge_shot_conversion,flab_chance_allowed_build_rate_home,flab_chance_allowed_build_rate_away,flab_chance_allowed_build_rate_diff,flab_chance_allowed_shot_conversion_home,flab_chance_allowed_shot_conversion_away,flab_chance_allowed_shot_conversion_diff,flab_chance_build_rate_home,flab_chance_build_rate_away,flab_chance_build_rate_diff,flab_chance_shot_conversion_home,flab_chance_shot_conversion_away,flab_chance_shot_conversion_diff,flab_expected_against_goals_home,flab_expected_against_goals_away,flab_expected_against_goals_diff,flab_expected_against_xg_home,flab_expected_against_xg_away,flab_expected_against_xg_diff,flab_expected_for_goals_home,flab_expected_for_goals_away,flab_expected_for_goals_diff,flab_expected_for_xg_home,flab_expected_for_xg_away,flab_expected_for_xg_diff,flab_possession_attack_cbp_home,flab_possession_attack_cbp_away,flab_possession_attack_cbp_diff,flab_possession_rate_home,flab_possession_rate_away,flab_possession_rate_diff,match_type,match_type_signal_conflict,match_type_home_signal_count,match_type_away_signal_count,match_type_xg_diff,match_type_rank_gap,match_type_sig_away_elo,match_type_sig_away_xg,match_type_sig_away_rank,match_type_sig_home_elo,match_type_sig_home_xg,match_type_sig_home_rank,match_type_team_count,match_type_title_race_home,match_type_title_race_away,match_type_relegation_risk_home,match_type_relegation_risk_away,match_type_midtable_home,match_type_midtable_away,match_type_lab_available,match_type_lab_matchup_edge,match_type_lab_home_matchup,match_type_lab_away_matchup,match_type_lab_style_conflict,match_type_lab_low_event,incentive_rank_context_applied,incentive_rank_context_reason,match_type_primary,match_type_flags,match_type_reason,draw_risk_flag,draw_gap,d_score_close,d_score_stall,d_score_total,d_combo_close_lowevent,d_combo_close_conflict,d_combo_drawrisk_stall,d_flag_close_lowevent,d_flag_close_conflict,d_flag_drawrisk_stall,d_flag_two_of_three,d_flag_j1_close_lowevent,d_flag_j1_drawrisk_stall,d_flag_j2_second_draw_close,d_flag_j2_drawrisk_second,lab_sim_stall_score,lab_sim_flip_score,lab_sim_hold_score,lab_sim_scenario,lab_sim_reason,lab_sim_j1_stall_candidate,lab_sim_j1_flip_candidate,lab_sim_j1_hold_candidate,predicted_result_main,predicted_result_main_symbol,type_adjust_note,type_b_symbol,type_b_reason,type_b_draw_signal_strong,type_b_draw_signal_weak,type_b_reverse_signal_strong,type_b_reverse_signal_weak,type_b_stall_candidate,type_b_stall_below_threshold,type_b_stall_support_miss,type_b_stall_compact_miss,adjusted_prob_home_b,adjusted_prob_draw_b,adjusted_prob_away_b,type_b_signal_strength,type_b_delta_home,type_b_delta_draw,type_b_delta_away,type_b_lab_weight,predicted_result_type_b,type_adjust_note_b,predicted_result_type_b_symbol,adjusted_prob_home_c,adjusted_prob_draw_c,adjusted_prob_away_c,adjusted_prob_home_a,adjusted_prob_draw_a,adjusted_prob_away_a,type_a_symbol,type_a_reason,type_a_draw_signal_strong,type_a_draw_signal_weak,predicted_result_type_a,type_adjust_note_a,predicted_result_type_a_symbol,type_c_symbol,type_c_reason,type_c_draw_signal_strong,type_c_draw_signal_weak,predicted_result_type_c,type_adjust_note_c,predicted_result_type_c_symbol,j2_away_strong_away_restore_applied,j2_signal_conflict_away_restore_applied,j2_neg_home_adv_away_restore_applied,j2_away_draw_restore_applied,j2_away_strong_away_restore_reason,j2_signal_conflict_away_restore_reason,j2_neg_home_adv_away_restore_reason,j2_away_draw_restore_reason,prob_home_win_cal,prob_draw_cal,prob_away_win_cal,max_prob_cal,predicted_result_cal,argmax_max_prob_cal,decision_reason_cal,confidence_threshold,threshold_hit_flag,confidence_class,low_confidence,stats_1試合平均走行距離_home,stats_1試合平均スプリント回数_home,stats_1試合平均Atスプリント回数_home,stats_1試合平均Mtスプリント回数_home,stats_1試合平均Dtスプリント回数_home,stats_1試合平均ポゼッション時の走行距離_home,stats_1試合平均ポゼッション時のスプリント回数_home,stats_1試合平均走行距離_away,stats_1試合平均スプリント回数_away,stats_1試合平均Atスプリント回数_away,stats_1試合平均Mtスプリント回数_away,stats_1試合平均Dtスプリント回数_away,stats_1試合平均ポゼッション時の走行距離_away,stats_1試合平均ポゼッション時のスプリント回数_away,j1_away_restore_override_applied,j1_away_restore_override_reason,j1_signal_conflict_away_restore_applied,j1_signal_conflict_away_restore_reason
1,J1,1627,MATCHED,清水,C大阪,2026,15,5月6日,第１５節第１日,j1_2026_05061303_清水_Ｃ大阪,2026-05-06 13:03:00,アイスタ,D,True,D,1.0,1.0,4.96,9.2,0.0,0.0,,,,,,,4.96,9.2,,,False,False,False,12.35,6.35,,True,10.8,3.1,10.5,1.1,400.9,70.1,7.1,47.7,12.8,44.8,14.3,20.9,47.1,48.9,8.2,13.7,38.5,18.2,12.7,4.0,1.1,24.9,15.5,66.1,20.7,1.9,22.9,1.5,22.1,3.0,0.0,10.6,3.5,8.8,0.9,455.7,76.6,10.0,56.7,20.0,42.7,13.5,15.3,54.4,49.8,10.3,16.4,34.2,17.4,14.1,3.5,0.9,28.9,18.5,58.1,24.4,0.9,23.5,1.5,21.1,6.0,0.0,0.0,0.0,0.0,0.0,0.0,0.0,4.0,22.0,2.0,2.0,2.2,3.0,5.0,3.5,2026.0,20260508.0,5.0,22.0,-1.0,1.0,-0.9,1.0,3.0,1.3,2026.0,20260508.0,0.0,0.0,0.0,0.0,0.125,0.0,0.15625,4.0,True,False,0.05,0.03,0.02,0.125,0.0,0.15625,False,False,2026-05-08,team_master_stats_j1_2026_asof_20260508.csv,1476.0,1499.0,0.0855,0.0855,0.0,0.0,,,1.1,-23.2202,-23.2202,-23.2202,-17.0281,-17.0281,-17.0281,0.4837,True,0.3130865465332165,0.3895848127398372,0.2973286407269463,off,0.3085002485548792,0.3838779177651273,0.3076218336799934,0.3130865465332165,0.2973286407269463,False,,0.3130865465332165,0.2973286407269463,0.3085002485548792,0.3838779177651273,0.3076218336799934,0.0,0.0,0.0,False,0.3085002485548792,0.3838779177651273,0.3076218336799934,0.3085002485548792,0.3076218336799934,D,MATCH_TYPE_MAIN_OVERRIDE,False,D,0.3838779177651273,D,0.3895848127398372,17.02064699031851,1.0,False,D,False,False,False,True,True,prob_draw>=0.335 & gap<=0.010,-0.0753776692102481,0.3838779177651273,True,D,prob_draw>=0.33 & gap<=0.02,,,,,,,,,,,,,,,,,,,,,,,,,,,,,,,,,,,,,,,,,close_match,False,0.0,0.0,0.8000000000000007,-1.0,False,False,False,False,False,False,10.0,False,False,False,False,True,True,False,,False,False,False,False,False,,draw_risk,"draw_risk,close_match,away_adverse","type=close_match; flags=draw_risk,close_match,away_adverse; elo=-17.028; xg_diff=0.800; rank_gap=-1.000; prob_draw=0.384; draw_gap=-0.075; lab_edge=; adv_home=0.40; adv_away=1.51; home_ctx=mid; away_ctx=mid",True,-0.0753776692102481,0.7464412387021401,0.15,0.507864743221284,0.0,0.0,0.111966185805321,False,False,False,False,False,False,False,False,0.43,0.1982431702502285,0.1012200206595635,stall,draw_risk,False,False,False,D,0.0,"type=close_match; flags=draw_risk,close_match,away_adverse; elo=-17.028; xg_diff=0.800; rank_gap=-1.000; prob_draw=0.384; draw_gap=-0.075; lab_edge=; adv_home=0.40; adv_away=1.51; home_ctx=mid; away_ctx=mid",D,weak_draw_hold:draw_risk,False,True,False,False,True,False,False,True,0.2753437320784564,0.4498571530655163,0.2747991148560273,0.1319584706007778,-0.0331565164764227,0.0659792353003889,-0.0328227188239661,0.38,D,weak_draw_hold:draw_risk,0.0,0.2753437320784564,0.4498571530655163,0.2747991148560273,0.2753437320784564,0.4498571530655163,0.2747991148560273,,legacy_unused,False,False,,legacy_unused,,D,inherit_type_b:weak_draw_hold:draw_risk,False,True,D,inherit_type_b:weak_draw_hold:draw_risk,0.0,,,,,,,,,0.3085002485548791,0.3838779177651273,0.3076218336799934,0.3838779177651273,D,0.3838779177651273,CAL_ARGMAX,0.38,True,trusted,False,113.0,127.0,48.0,36.0,43.0,29.0,59.0,121.0,141.0,53.0,44.0,44.0,35.0,70.0,True,pred=D and away~home while draw only slightly above away,False,
2,J1,1627,MATCHED,福岡,京都,2026,15,5月6日,第１５節第１日,j1_2026_05061403_福岡_京都,2026-05-06 14:03:00,ベススタ,D,False,A,1.0,1.0,6.35,7.07,0.0,0.0,,,,,,,6.35,7.07,,,False,False,False,12.35,6.35,,True,10.9,3.1,9.2,1.0,340.9,71.6,10.3,44.8,9.6,44.4,10.3,16.3,47.4,42.6,8.2,15.6,34.1,15.9,12.3,3.8,1.6,26.7,18.1,60.3,19.5,1.9,20.1,1.2,19.3,2.0,0.0,13.6,4.5,9.4,1.3,375.1,67.9,8.6,53.7,16.0,42.9,14.6,19.1,46.4,52.4,11.4,16.5,37.8,17.5,12.7,3.3,1.3,25.0,18.3,64.8,23.3,1.2,21.3,1.5,20.5,1.0,0.0,0.0,0.0,0.0,0.0,0.0,0.0,9.0,20.0,0.0,2.0,0.2,0.0,3.0,0.3,2026.0,20260508.0,7.0,20.0,1.0,1.0,1.1,-2.0,1.0,-1.9,2026.0,20260508.0,0.1,0.0,0.125,2.0,0.0,0.0,0.0,1.0,False,False,0.1,0.0,0.125,0.0,0.0,0.0,False,False,2026-05-08,team_master_stats_j1_2026_asof_20260508.csv,1471.0,1534.0,-0.3205,-0.3205,0.0,0.0,,,1.1,-63.378,-63.378,-63.378,-46.4772,-46.4772,-46.4772,0.4555,False,0.2888198980675857,0.3098642295185771,0.4013158724138372,off,0.2831384993730928,0.3037688661421766,0.4130926344847305,0.2888198980675857,0.4013158724138372,False,,0.2888198980675857,0.4013158724138372,0.2831384993730928,0.3037688661421766,0.4130926344847305,0.0,0.0,0.0,False,0.2831384993730928,0.3037688661421766,0.4130926344847305,0.2831384993730928,0.4130926344847305,A,ARGMAX,False,A,0.4130926344847305,A,0.4013158724138372,46.48720248738029,1.0,False,A,False,False,False,True,False,,0.1093237683425539,0.3037688661421766,False,A,,,,,,,,,,,,,,,,,,,,,,,,,,,,,,,,,,,,,,,,,,away_strong,False,0.0,2.0,-1.5999999999999996,2.0,True,True,False,False,False,False,10.0,False,False,True,True,False,False,False,,False,False,False,False,False,,away_strong,"away_strong,home_relegation_risk,away_relegation_risk","type=away_strong; flags=away_strong,home_relegation_risk,away_relegation_risk; elo=-46.477; xg_diff=-1.600; rank_gap=2.000; prob_draw=0.304; draw_gap=0.109; lab_edge=; adv_home=0.80; adv_away=0.09; home_ctx=relegation; away_ctx=relegation",False,0.1093237683425539,0.4870770040531312,0.1031407217851471,0.3335024911459376,0.0,0.0,0.0,False,False,False,False,False,False,False,False,0.0356532992132648,0.0,0.4187551732416128,hold,no_draw_risk,False,False,False,A,2.0,"type=away_strong; flags=away_strong,home_relegation_risk,away_relegation_risk; elo=-46.477; xg_diff=-1.600; rank_gap=2.000; prob_draw=0.304; draw_gap=0.109; lab_edge=; adv_home=0.80; adv_away=0.09; home_ctx=relegation; away_ctx=relegation",A,j1_lab_sim_hold:no_draw_risk,False,False,False,False,False,False,False,False,0.2852601172328326,0.2570542357997971,0.4576856469673703,0.0934292606847591,0.0021216178597397,-0.0467146303423794,0.0445930124826398,0.35,A,j1_lab_sim_hold:no_draw_risk,2.0,0.2852601172328326,0.2570542357997971,0.4576856469673703,0.2852601172328326,0.2570542357997971,0.4576856469673703,,legacy_unused,False,False,,legacy_unused,,,,False,False,,,,,,,,,,,,0.2831384993730929,0.3037688661421766,0.4130926344847305,0.4130926344847305,A,0.4130926344847305,CAL_ARGMAX,0.38,True,trusted,False,116.0,111.0,34.0,40.0,37.0,28.0,45.0,114.0,158.0,59.0,53.0,46.0,30.0,69.0,False,,False,
3,J1,1627,MATCHED,ＦＣ東京,千葉,2026,15,5月6日,第１５節第１日,j1_2026_05061503_FC東京_千葉,2026-05-06 15:03:00,味スタ,A,False,H,0.0,3.0,4.06,9.06,0.0,0.0,,,,,,,4.06,9.06,,,False,False,False,12.35,6.35,,True,15.4,5.1,11.3,1.7,476.2,78.9,10.9,52.1,16.8,51.2,14.9,13.3,53.6,51.9,12.8,17.1,35.3,24.7,10.3,3.1,0.9,21.0,17.4,65.9,17.8,2.1,13.1,0.8,13.1,5.0,0.0,11.3,3.5,9.5,1.1,413.5,76.2,12.7,48.7,9.3,39.3,12.9,14.8,52.0,47.3,8.6,16.4,30.0,18.4,17.4,4.9,1.5,29.3,17.1,59.8,18.2,1.9,27.2,1.8,25.5,2.0,0.0,0.0,0.0,0.0,0.0,0.0,0.0,2.0,32.0,0.0,0.0,0.0,0.0,3.0,0.3,2026.0,20260508.0,9.0,12.0,1.0,3.0,1.3,1.0,3.0,1.3,2026.0,20260508.0,0.0,0.0,0.0,1.0,0.0,0.0,0.0,0.0,False,True,0.0,0.0,0.0,0.05,0.03,0.02,False,False,2026-05-08,team_master_stats_j1_2026_asof_20260508.csv,1573.0,1443.0,0.9815,0.9815,0.0,0.0,,,1.1,129.9005,129.9005,129.9005,95.2604,95.2604,95.2604,0.5904,True,0.4576866463585105,0.1820245677041481,0.3602887859373413,off,0.4495875782220047,0.1788035225019704,0.3716088992760249,0.4576866463585105,0.3602887859373413,False,,0.4576866463585105,0.3602887859373413,0.4495875782220047,0.1788035225019704,0.3716088992760249,0.0,0.0,0.0,False,0.4495875782220047,0.1788035225019704,0.3716088992760249,0.4495875782220047,0.3716088992760249,H,ARGMAX,False,H,0.4495875782220047,H,0.4576866463585105,95.26535520532826,1.0,False,H,False,False,False,True,False,,0.2707840557200343,0.1788035225019704,False,H,,,,,,,,,,,,,,,,,,,,,,,,,,,,,,,,,,,,,,,,,,home_strong,False,3.0,0.0,6.300000000000001,-7.0,False,False,False,True,True,True,10.0,True,False,False,True,False,False,False,,False,False,False,False,False,,home_strong,"home_strong,home_title_race,away_relegation_risk","type=home_strong; flags=home_strong,home_title_race,away_relegation_risk; elo=95.260; xg_diff=6.300; rank_gap=-7.000; prob_draw=0.179; draw_gap=0.271; lab_edge=; adv_home=0.00; adv_away=1.00; home_ctx=title; away_ctx=relegation",False,0.2707840557200343,0.0472205046624735,0.05,0.0483323027974841,0.0,0.0,0.0,False,False,False,False,False,False,False,False,0.0,0.0440426421080404,0.4030781402603172,hold,no_draw_risk,False,False,False,H,1.0,"type=home_strong; flags=home_strong,home_title_race,away_relegation_risk; elo=95.260; xg_diff=6.300; rank_gap=-7.000; prob_draw=0.179; draw_gap=0.271; lab_edge=; adv_home=0.00; adv_away=1.00; home_ctx=title; away_ctx=relegation",H,j1_lab_sim_hold:no_draw_risk,False,False,False,False,False,False,False,False,0.4800904896261697,0.1728220628679855,0.3470874475058447,0.06100582280833,0.030502911404165,-0.0059814596339848,-0.0245214517701801,0.35,H,j1_lab_sim_hold:no_draw_risk,1.0,0.4800904896261697,0.1728220628679855,0.3470874475058447,0.4800904896261697,0.1728220628679855,0.3470874475058447,,legacy_unused,False,False,,legacy_unused,,,,False,False,,,,,,,,,,,,0.4495875782220047,0.1788035225019704,0.371608899276025,0.4495875782220047,H,0.4495875782220047,CAL_ARGMAX,0.48,False,watch,False,119.0,151.0,68.0,48.0,35.0,37.0,85.0,119.0,119.0,37.0,40.0,42.0,34.0,51.0,False,,False,
4,J1,1627,MATCHED,広島,神戸,2026,15,5月6日,第１５節第１日,j1_2026_05061503_広島_神戸,2026-05-06 15:03:00,Ｅピース,D,False,H,1.0,1.0,4.31,8.12,0.0,0.0,,2026-04-16,,20.0,,long_haul,4.31,8.12,,,False,False,False,12.35,6.35,,True,16.5,4.2,8.1,1.3,474.8,74.3,9.7,49.7,18.1,45.8,17.5,20.3,51.4,54.3,13.4,15.3,42.2,27.8,10.0,3.0,1.3,17.3,16.1,64.9,21.8,1.2,16.4,1.0,15.5,2.0,0.0,12.7,3.9,12.9,1.6,459.6,74.0,7.2,50.5,11.6,50.3,15.1,24.5,50.5,53.1,9.0,13.9,38.9,23.2,10.8,4.0,1.1,25.0,16.1,64.0,20.8,1.9,16.0,1.1,15.2,4.0,0.0,0.0,0.0,0.0,0.0,0.0,0.0,6.0,21.0,-1.0,1.0,-0.9,-2.0,1.0,-1.9,2026.0,20260508.0,2.0,28.0,-1.0,2.0,-0.8,-1.0,2.0,-0.8,2026.0,20260508.0,0.025,0.0,0.03125,1.0,0.017778,0.0,0.022222,3.0,False,False,0.025,0.0,0.03125,0.017778,0.0,0.022222,False,False,2026-05-08,team_master_stats_j1_2026_asof_20260508.csv,1534.0,1573.0,0.2422,0.2422,0.0,0.0,,,1.1,-38.9776,-38.9776,-38.9776,-28.5835,-28.5835,-28.5835,0.4726,True,0.3448020565615734,0.3322192661988163,0.3229786772396102,off,0.3393223621768878,0.3269395411715703,0.3337380966515417,0.3448020565615734,0.3229786772396102,False,,0.3448020565615734,0.3229786772396102,0.3393223621768878,0.3269395411715703,0.3337380966515417,0.0,0.0,0.0,False,0.3393223621768878,0.3269395411715703,0.3337380966515417,0.3393223621768878,0.3337380966515417,H,MATCH_TYPE_MAIN_OVERRIDE,False,H,0.3393223621768878,H,0.3448020565615734,28.584265034785037,1.0,False,H,False,False,False,True,False,,0.0123828210053174,0.3269395411715703,False,H,,,,,,,,,,,,,,,,,,,,,,,,,,,,,,,,,,,,,,,,,,signal_conflict,True,1.0,1.0,4.600000000000001,4.0,False,False,True,False,True,False,10.0,False,True,False,False,True,False,False,,False,False,False,False,False,,signal_conflict,"draw_risk,signal_conflict,away_title_race","type=signal_conflict; flags=draw_risk,signal_conflict,away_title_race; elo=-28.584; xg_diff=4.600; rank_gap=4.000; prob_draw=0.327; draw_gap=0.012; lab_edge=; adv_home=0.20; adv_away=0.60; home_ctx=mid; away_ctx=title",True,0.0123828210053174,0.539498674182344,0.1224496176429753,0.3726790515665965,0.0,0.0,0.0660614063725201,False,False,False,False,False,False,False,False,0.4864486479439903,0.6702172505314876,0.0120899116926195,flip,"signal_conflict,balanced_ha",False,True,False,H,1.0,"type=signal_conflict; flags=draw_risk,signal_conflict,away_title_race; elo=-28.584; xg_diff=4.600; rank_gap=4.000; prob_draw=0.327; draw_gap=0.012; lab_edge=; adv_home=0.20; adv_away=0.60; home_ctx=mid; away_ctx=title",A,"j1_lab_sim_flip:signal_conflict,balanced_ha",False,False,True,False,False,False,False,False,0.203066552321544,0.3000931944787041,0.4968402531997518,0.3262043130964202,-0.1362558098553438,-0.0268463466928662,0.1631021565482101,0.42,A,"j1_lab_sim_flip:signal_conflict,balanced_ha",2.0,0.203066552321544,0.3000931944787041,0.4968402531997518,0.203066552321544,0.3000931944787041,0.4968402531997518,,legacy_unused,False,False,,legacy_unused,,,,False,False,,,,,,,,,,,,0.3393223621768878,0.3269395411715704,0.3337380966515417,0.3393223621768878,H,0.3393223621768878,CAL_ARGMAX,0.48,False,fragile,True,112.0,130.0,55.0,41.0,35.0,32.0,65.0,115.0,135.0,47.0,42.0,47.0,33.0,56.0,False,,True,signal_conflict and away>=home-0.010
5,J1,1627,MATCHED,鹿島,水戸,2026,15,5月6日,第１５節第１日,j1_2026_05061603_鹿島_水戸,2026-05-06 16:03:00,メルスタ,H,True,H,3.0,0.0,4.59,8.4,0.0,0.0,,,,,,,4.59,8.4,,,False,False,False,12.35,6.35,,True,12.1,3.9,13.7,1.7,525.2,81.4,8.3,44.4,15.7,52.8,13.2,13.5,55.3,54.3,11.2,13.9,32.9,22.6,11.5,2.9,0.5,19.1,17.3,59.2,20.2,1.8,15.3,1.0,14.5,9.0,0.0,11.4,3.4,9.9,1.1,441.7,76.9,11.3,47.9,9.4,46.1,11.5,14.0,45.3,51.0,9.0,15.0,31.5,15.6,11.5,4.1,1.8,20.7,15.2,63.2,19.8,1.9,21.5,1.4,18.3,2.0,0.0,0.0,0.0,0.0,0.0,0.0,0.0,1.0,37.0,0.0,3.0,0.3,0.0,5.0,0.5,2026.0,20260508.0,7.0,18.0,0.0,0.0,0.0,-1.0,2.0,-0.8,2026.0,20260508.0,0.0,0.0,0.0,0.0,0.025,0.0,0.03125,2.0,True,False,0.05,0.03,0.02,0.025,0.0,0.03125,False,False,2026-05-08,team_master_stats_j1_2026_asof_20260508.csv,1645.0,1493.0,1.963,1.963,0.0,0.0,,,1.1,151.725,151.725,151.725,111.265,111.265,111.265,0.6052,True,0.7261240278406317,0.1085109553691457,0.1653650167902226,off,0.7201694858843779,0.1076211169783404,0.1722093971372817,0.7261240278406317,0.1653650167902226,False,,0.7261240278406317,0.1653650167902226,0.7201694858843779,0.1076211169783404,0.1722093971372817,0.0,0.0,0.0,False,0.7201694858843779,0.1076211169783404,0.1722093971372817,0.7201694858843779,0.1722093971372817,H,ARGMAX,False,H,0.7201694858843779,H,0.7261240278406317,111.26249570695694,1.0,False,H,False,False,False,True,False,,0.6125483689060375,0.1076211169783404,False,H,,,,,,,,,,,,,,,,,,,,,,,,,,,,,,,,,,,,,,,,,,home_strong,False,3.0,0.0,7.000000000000002,-6.0,False,False,False,True,True,True,10.0,True,False,False,True,False,False,False,,False,False,False,False,False,,home_strong,"home_strong,home_title_race,away_relegation_risk","type=home_strong; flags=home_strong,home_title_race,away_relegation_risk; elo=111.265; xg_diff=7.000; rank_gap=-6.000; prob_draw=0.108; draw_gap=0.613; lab_edge=; adv_home=0.40; adv_away=0.66; home_ctx=title; away_ctx=relegation",False,0.6125483689060375,0.0,0.05,0.02,0.0,0.0,0.0,False,False,False,False,False,False,False,False,0.0,0.0,0.6643919291171131,hold,"gap_support,no_draw_risk",False,False,True,H,1.0,"type=home_strong; flags=home_strong,home_title_race,away_relegation_risk; elo=111.265; xg_diff=7.000; rank_gap=-6.000; prob_draw=0.108; draw_gap=0.613; lab_edge=; adv_home=0.40; adv_away=0.66; home_ctx=title; away_ctx=relegation",H,"j1_lab_sim_hold:gap_support,no_draw_risk",False,False,False,False,False,False,False,False,0.6779190878706831,0.1261287260359213,0.1959521860933956,0.0845007960273895,-0.0422503980136947,0.0185076090575808,0.0237427889561138,0.35,H,"j1_lab_sim_hold:gap_support,no_draw_risk",1.0,0.6779190878706831,0.1261287260359213,0.1959521860933956,0.6779190878706831,0.1261287260359213,0.1959521860933956,,legacy_unused,False,False,,legacy_unused,,,,False,False,,,,,,,,,,,,0.7201694858843778,0.1076211169783404,0.1722093971372817,0.7201694858843778,H,0.7201694858843778,CAL_ARGMAX,0.48,True,trusted,False,113.0,133.0,53.0,45.0,36.0,35.0,70.0,118.0,131.0,48.0,42.0,41.0,32.0,57.0,False,,False,
6,J1,1627,MATCHED,長崎,岡山,2026,15,5月6日,第１５節第１日,j1_2026_05061304_長崎_岡山,2026-05-06 13:04:00,ピースタ,H,False,D,2.0,1.0,4.75,7.83,0.0,0.0,,,,,,,4.75,7.83,,,False,False,False,12.35,6.35,,True,11.1,3.5,9.6,1.1,423.1,74.8,10.6,49.7,10.5,43.3,9.8,16.3,50.5,49.0,9.0,15.3,33.3,18.1,14.1,4.4,1.5,27.5,15.5,65.1,20.6,2.5,21.4,1.4,20.6,3.0,0.0,11.5,3.3,9.9,1.1,324.0,66.9,10.7,51.9,10.4,49.4,16.3,20.5,53.5,43.1,8.9,15.0,32.9,19.6,10.9,4.1,1.5,26.5,16.0,59.2,23.3,1.5,17.1,1.1,16.3,3.0,0.0,0.0,0.0,0.0,0.0,0.0,0.0,10.0,19.0,0.0,3.0,0.3,0.0,3.0,0.3,2026.0,20260508.0,8.0,20.0,-1.0,0.0,-1.0,0.0,3.0,0.3,2026.0,20260508.0,0.0,0.0,0.0,0.0,0.0,0.0,0.0,0.0,True,True,0.05,0.03,0.02,0.05,0.03,0.02,False,False,2026-05-08,team_master_stats_j1_2026_asof_20260508.csv,1475.0,1479.0,0.213,0.213,0.0,0.0,,,1.1,-4.3868,-4.3868,-4.3868,-3.217,-3.217,-3.217,0.4969,True,0.3201813136950761,0.4053869777016926,0.2744317086032313,off,0.3158473867942851,0.3998997195365739,0.2842528936691411,0.3201813136950761,0.2744317086032313,False,,0.3201813136950761,0.2744317086032313,0.3158473867942851,0.3998997195365739,0.2842528936691411,0.0,0.0,0.0,False,0.3158473867942851,0.3998997195365739,0.2842528936691411,0.3158473867942851,0.2842528936691411,D,NARROW_DRAW_OVERRIDE,False,D,0.3998997195365739,D,0.4053869777016926,3.2169589209055784,1.0,False,D,False,False,False,True,True,prob_draw>=0.335 & gap<=0.010,-0.0840523327422888,0.3998997195365739,True,D,prob_draw>=0.33 & gap<=0.02,,,,,,,,,,,,,,,,,,,,,,,,,,,,,,,,,,,,,,,,,neutral,False,0.0,1.0,-1.5,2.0,False,True,False,False,False,False,10.0,False,False,True,True,False,False,False,,False,False,False,False,False,,draw_risk,"draw_risk,home_relegation_risk,away_relegation_risk","type=neutral; flags=draw_risk,home_relegation_risk,away_relegation_risk; elo=-3.217; xg_diff=-1.500; rank_gap=2.000; prob_draw=0.400; draw_gap=-0.084; lab_edge=; adv_home=0.40; adv_away=0.77; home_ctx=relegation; away_ctx=relegation",True,-0.0840523327422888,0.7304283117233569,0.15,0.4982569870340141,0.0,0.0,0.1095642467585035,False,False,False,False,False,False,False,False,0.43,0.1368110137497121,0.1438812404515888,stall,draw_risk,False,False,False,D,0.0,"type=neutral; flags=draw_risk,home_relegation_risk,away_relegation_risk; elo=-3.217; xg_diff=-1.500; rank_gap=2.000; prob_draw=0.400; draw_gap=-0.084; lab_edge=; adv_home=0.40; adv_away=0.77; home_ctx=relegation; away_ctx=relegation",D,weak_draw_hold:draw_risk,False,True,False,False,True,False,False,True,0.2808006294718573,0.4579873267938745,0.2612120437342681,0.1161752145146013,-0.0350467573224277,0.0580876072573006,-0.0230408499348729,0.38,D,weak_draw_hold:draw_risk,0.0,0.2808006294718573,0.4579873267938745,0.2612120437342681,0.2808006294718573,0.4579873267938745,0.2612120437342681,,legacy_unused,False,False,,legacy_unused,,D,inherit_type_b:weak_draw_hold:draw_risk,False,True,D,inherit_type_b:weak_draw_hold:draw_risk,0.0,,,,,,,,,0.3158473867942851,0.3998997195365739,0.2842528936691411,0.3998997195365739,D,0.3998997195365739,CAL_ARGMAX,0.38,True,trusted,False,113.0,131.0,45.0,42.0,43.0,29.0,57.0,113.0,138.0,54.0,45.0,39.0,28.0,65.0,False,,False,
7,J1,1627,MATCHED,名古屋,G大阪,2026,15,5月6日,第１５節第１日,j1_2026_05061403_名古屋_Ｇ大阪,2026-05-06 14:03:00,豊田ス,H,True,H,2.0,1.0,4.99,8.54,0.0,0.0,,2026-04-15,,21.0,,long,4.99,8.54,,,False,False,False,12.35,6.35,,True,13.5,4.5,12.3,1.7,438.0,76.0,10.1,58.3,14.6,43.8,16.5,15.9,51.7,51.7,11.6,19.1,36.2,21.7,14.5,4.7,1.2,24.1,19.3,68.9,19.5,1.4,21.2,1.4,20.4,4.0,0.0,13.2,5.3,11.4,1.5,467.4,76.1,12.3,50.3,15.4,48.2,13.0,15.7,48.7,55.9,11.4,17.6,41.8,23.3,12.0,4.2,1.3,23.8,16.6,68.4,21.9,1.8,22.8,1.4,20.4,4.0,0.0,0.0,0.0,0.0,0.0,0.0,0.0,1.0,28.0,1.0,3.0,1.3,1.0,6.0,1.6,2026.0,20260508.0,3.0,25.0,0.0,0.0,0.0,0.0,3.0,0.3,2026.0,20260508.0,0.051064,0.0,0.06383,1.0,0.05,0.0,0.0625,2.0,False,False,0.051064,0.0,0.06383,0.05,0.0,0.0625,False,False,2026-05-08,team_master_stats_j1_2026_asof_20260508.csv,1505.0,1524.0,0.5556,0.5556,0.0,0.0,,,1.1,-19.0528,-19.0528,-19.0528,-13.972,-13.972,-13.972,0.4866,True,0.4077286738251631,0.3567603002375899,0.2355110259372469,off,0.4029833230330079,0.3526081449391672,0.2444085320278247,0.4077286738251631,0.2355110259372469,False,,0.4077286738251631,0.2355110259372469,0.4029833230330079,0.3526081449391672,0.2444085320278247,0.0,0.0,0.0,False,0.4029833230330079,0.3526081449391672,0.2444085320278247,0.4029833230330079,0.2444085320278247,H,ARGMAX,False,H,0.4029833230330079,H,0.4077286738251631,13.97214069134579,1.0,False,H,False,False,False,True,False,,0.0503751780938406,0.3526081449391672,False,H,,,,,,,,,,,,,,,,,,,,,,,,,,,,,,,,,,,,,,,,,,neutral,False,0.0,1.0,-1.6000000000000014,-2.0,False,True,False,False,False,False,10.0,True,True,False,False,False,False,False,,False,False,False,False,False,,draw_risk,"draw_risk,home_title_race,away_title_race","type=neutral; flags=draw_risk,home_title_race,away_title_race; elo=-13.972; xg_diff=-1.600; rank_gap=-2.000; prob_draw=0.353; draw_gap=0.050; lab_edge=; adv_home=0.41; adv_away=0.83; home_ctx=title; away_ctx=title",True,0.0503751780938406,0.6665423877373611,0.1438401207826394,0.4574614809554724,0.0,0.0,0.0958755375588908,False,False,False,False,False,False,False,False,0.4129742721741493,0.0320827396871979,0.3378740776178207,stall,draw_risk,False,False,False,H,1.0,"type=neutral; flags=draw_risk,home_title_race,away_title_race; elo=-13.972; xg_diff=-1.600; rank_gap=-2.000; prob_draw=0.353; draw_gap=0.050; lab_edge=; adv_home=0.41; adv_away=0.83; home_ctx=title; away_ctx=title",D,weak_draw_hold:draw_risk,False,True,False,False,True,True,False,False,0.3313042727348417,0.4357078249535301,0.2329879023116282,0.1661993600287255,-0.0716790502981661,0.0830996800143628,-0.0114206297161965,0.38,D,weak_draw_hold:draw_risk,0.0,0.3313042727348417,0.4357078249535301,0.2329879023116282,0.3313042727348417,0.4357078249535301,0.2329879023116282,,legacy_unused,False,False,,legacy_unused,,D,inherit_type_b:weak_draw_hold:draw_risk,False,True,D,inherit_type_b:weak_draw_hold:draw_risk,0.0,,,,,,,,,0.4029833230330079,0.3526081449391672,0.2444085320278247,0.4029833230330079,H,0.4029833230330079,CAL_ARGMAX,0.48,False,fragile,True,113.0,138.0,54.0,45.0,39.0,32.0,69.0,113.0,124.0,44.0,41.0,39.0,33.0,58.0,False,,False,
8,J1,1627,MATCHED,町田,横浜ＦM,2026,15,5月6日,第１５節第１日,j1_2026_05061603_町田_横浜FM,2026-05-06 16:03:00,Ｇスタ,H,True,H,2.0,0.0,6.14,8.07,8.6275,0.0,2026-04-26,,10.0,,long_haul,,14.767499999999998,8.07,,,False,False,False,12.35,6.35,,True,11.6,3.9,11.7,1.4,401.6,76.5,11.0,58.4,9.5,47.4,12.3,13.6,51.6,45.0,8.4,17.9,30.9,16.8,10.7,3.6,1.3,17.9,16.8,68.1,17.7,1.2,15.7,1.1,14.0,4.0,0.0,11.0,2.9,12.7,1.4,386.3,73.6,10.5,50.0,13.0,45.6,13.4,13.7,48.1,47.7,9.1,17.1,26.9,17.4,10.7,3.8,1.8,21.9,18.3,65.0,17.3,0.9,18.0,1.2,16.4,2.0,0.0,0.0,0.0,0.0,0.0,0.0,0.0,3.0,28.0,0.0,3.0,0.3,0.0,4.0,0.4,2026.0,20260508.0,8.0,16.0,0.0,0.0,0.0,0.0,1.0,0.1,2026.0,20260508.0,0.05,0.0,0.0625,1.0,0.15,0.5,0.0625,1.0,False,False,0.05,0.0,0.0625,0.15,0.5,0.0625,False,False,2026-05-08,team_master_stats_j1_2026_asof_20260508.csv,1556.0,1475.0,0.614,0.614,0.0,0.0,,,1.1,80.7991,80.7991,80.7991,59.2527,59.2527,59.2527,0.5566,True,0.4357446370240586,0.2569573244952017,0.3072980384807395,off,0.4291507774184007,0.2530689449756316,0.3177802776059676,0.4357446370240586,0.3072980384807395,False,,0.4357446370240586,0.3072980384807395,0.4291507774184007,0.2530689449756316,0.3177802776059676,0.0,0.0,0.0,False,0.4291507774184007,0.2530689449756316,0.3177802776059676,0.4291507774184007,0.3177802776059676,H,ARGMAX,False,H,0.4291507774184007,H,0.4357446370240586,59.26267408856394,1.0,False,H,False,False,False,True,False,,0.176081832442769,0.2530689449756316,False,H,,,,,,,,,,,,,,,,,,,,,,,,,,,,,,,,,,,,,,,,,,home_strong,False,2.0,0.0,-0.5999999999999979,-5.0,False,False,False,True,False,True,10.0,True,False,False,True,False,False,False,,False,False,False,False,False,,home_strong,"home_strong,home_title_race,away_relegation_risk,home_adverse,away_adverse","type=home_strong; flags=home_strong,home_title_race,away_relegation_risk,home_adverse,away_adverse; elo=59.253; xg_diff=-0.600; rank_gap=-5.000; prob_draw=0.253; draw_gap=0.176; lab_edge=; adv_home=1.20; adv_away=1.20; home_ctx=title; away_ctx=relegation",False,0.176081832442769,0.0785807979405689,0.060890787479693,0.0715047937562185,0.0,0.0,0.0,False,False,False,False,False,False,False,False,0.0,0.0,0.4163098910944595,hold,no_draw_risk,False,False,False,H,1.0,"type=home_strong; flags=home_strong,home_title_race,away_relegation_risk,home_adverse,away_adverse; elo=59.253; xg_diff=-0.600; rank_gap=-5.000; prob_draw=0.253; draw_gap=0.176; lab_edge=; adv_home=1.20; adv_away=1.20; home_ctx=title; away_ctx=relegation",H,j1_lab_sim_hold:no_draw_risk,False,False,False,False,False,False,False,False,0.4679180361738951,0.2211204811795274,0.3109614826465774,0.0775345175109887,0.0387672587554944,-0.0319484637961041,-0.0068187949593901,0.35,H,j1_lab_sim_hold:no_draw_risk,1.0,0.4679180361738951,0.2211204811795274,0.3109614826465774,0.4679180361738951,0.2211204811795274,0.3109614826465774,,legacy_unused,False,False,,legacy_unused,,,,False,False,,,,,,,,,,,,0.4291507774184007,0.2530689449756316,0.3177802776059676,0.4291507774184007,H,0.4291507774184007,CAL_ARGMAX,0.48,False,fragile,True,117.0,112.0,42.0,34.0,36.0,30.0,48.0,117.0,134.0,45.0,37.0,52.0,30.0,52.0,False,,False,
9,J1,1627,MATCHED,柏,浦和,2026,15,5月6日,第１５節第１日,j1_2026_05061903_柏_浦和,2026-05-06 19:03:00,三協Ｆ柏,A,False,H,0.0,1.0,4.33,5.99,0.0,0.0,,,,,,,4.33,5.99,,,False,False,False,12.35,6.35,,True,13.3,3.5,7.5,1.0,573.3,82.4,13.8,52.7,19.6,53.7,16.6,11.0,53.6,56.3,14.1,19.9,32.7,21.2,11.2,3.9,1.5,18.3,17.8,71.2,15.1,1.2,18.4,1.2,16.8,3.0,0.0,13.9,4.3,10.1,1.4,441.8,77.7,11.2,54.2,13.8,54.1,13.3,13.7,50.1,51.1,10.5,18.3,32.0,21.6,12.2,2.9,1.1,21.2,19.3,63.4,19.9,1.4,17.5,1.1,15.0,6.0,0.0,0.0,0.0,0.0,0.0,0.0,0.0,10.0,11.0,-1.0,0.0,-1.0,-1.0,0.0,-1.0,2026.0,20260508.0,6.0,21.0,0.0,3.0,0.3,1.0,6.0,1.6,2026.0,20260508.0,0.0,0.0,0.0,0.0,0.0,0.0,0.0,0.0,True,True,0.05,0.03,0.02,0.05,0.03,0.02,False,False,2026-05-08,team_master_stats_j1_2026_asof_20260508.csv,1519.0,1514.0,0.7692,0.7692,0.0,0.0,,,1.1,5.8914,5.8914,5.8914,4.3204,4.3204,4.3204,0.5041,True,0.4573498556518899,0.3423958044746173,0.2002543398734928,off,0.4528159378163098,0.3390014786088695,0.2081825835748208,0.4573498556518899,0.2002543398734928,False,,0.4573498556518899,0.2002543398734928,0.4528159378163098,0.3390014786088695,0.2081825835748208,0.0,0.0,0.0,False,0.4528159378163098,0.3390014786088695,0.2081825835748208,0.4528159378163098,0.2081825835748208,H,ARGMAX,False,H,0.4528159378163098,H,0.4573498556518899,4.320357480694975,1.0,False,H,False,False,False,True,False,,0.1138144592074403,0.3390014786088695,False,H,,,,,,,,,,,,,,,,,,,,,,,,,,,,,,,,,,,,,,,,,,neutral,False,0.0,1.0,-0.4000000000000021,4.0,False,False,True,False,False,False,10.0,False,False,True,False,False,True,False,,False,False,False,False,False,,neutral,home_relegation_risk,type=neutral; flags=home_relegation_risk; elo=4.320; xg_diff=-0.400; rank_gap=4.000; prob_draw=0.339; draw_gap=0.114; lab_edge=; adv_home=0.40; adv_away=0.60; home_ctx=relegation; away_ctx=mid,False,0.1138144592074403,0.4577324282617664,0.1325012321740579,0.327639949826683,0.0,0.0,0.0,False,False,False,False,False,False,False,False,0.0885022179133041,0.0,0.4898350607226041,hold,no_draw_risk,False,False,True,H,1.0,type=neutral; flags=home_relegation_risk; elo=4.320; xg_diff=-0.400; rank_gap=4.000; prob_draw=0.339; draw_gap=0.114; lab_edge=; adv_home=0.40; adv_away=0.60; home_ctx=relegation; away_ctx=mid,H,j1_lab_sim_hold:no_draw_risk,False,False,False,False,False,False,False,False,0.4894765046813001,0.2809214783515797,0.2296020169671201,0.1161600005145793,0.0366605668649902,-0.0580800002572897,0.0214194333922993,0.35,H,j1_lab_sim_hold:no_draw_risk,1.0,0.4894765046813001,0.2809214783515797,0.2296020169671201,0.4894765046813001,0.2809214783515797,0.2296020169671201,,legacy_unused,False,False,,legacy_unused,,,,False,False,,,,,,,,,,,,0.4528159378163097,0.3390014786088693,0.2081825835748207,0.4528159378163097,H,0.4528159378163097,CAL_ARGMAX,0.48,False,watch,False,120.0,134.0,56.0,45.0,33.0,40.0,68.0,116.0,146.0,53.0,47.0,46.0,33.0,66.0,False,,False,
10,J1,1627,MATCHED,川崎F,東京V,2026,15,5月6日,第１５節第１日,j1_2026_05061703_川崎Ｆ_東京Ｖ,2026-05-06 17:03:00,Ｕ等々力,H,True,H,1.0,0.0,4.74,6.5,0.0,0.0,,,,,,,4.74,6.5,,,False,False,False,12.35,6.35,,True,10.9,3.2,11.6,1.3,493.9,81.1,10.0,51.3,16.1,50.2,13.7,9.9,43.1,49.6,10.8,15.9,33.7,16.2,15.1,4.7,1.6,21.5,16.2,66.3,19.7,1.5,25.6,1.7,24.8,3.0,0.0,9.6,3.0,12.7,1.2,384.4,74.3,9.0,31.0,8.3,44.8,10.6,15.3,48.7,44.5,7.9,15.1,28.5,12.8,9.8,2.8,1.2,22.8,19.0,65.0,22.0,1.5,15.0,1.0,13.4,4.0,0.0,0.0,0.0,0.0,0.0,0.0,0.0,5.0,23.0,0.0,3.0,0.3,0.0,3.0,0.3,2026.0,20260508.0,4.0,24.0,0.0,0.0,0.0,0.0,3.0,0.3,2026.0,20260508.0,0.183333,0.5,0.104167,5.0,0.200001,0.500001,0.125001,3.0,False,False,0.183333,0.5,0.104167,0.200001,0.500001,0.125001,False,False,2026-05-08,team_master_stats_j1_2026_asof_20260508.csv,1507.0,1498.0,0.7926,0.7926,0.0,0.0,,,1.1,8.8255,8.8255,8.8255,6.472,6.472,6.472,0.5062,True,0.418076073953508,0.367088743931703,0.214835182114789,off,0.4136329286754746,0.3631874716015367,0.2231795997229888,0.418076073953508,0.214835182114789,False,,0.418076073953508,0.214835182114789,0.4136329286754746,0.3631874716015367,0.2231795997229888,0.0,0.0,0.0,False,0.4136329286754746,0.3631874716015367,0.2231795997229888,0.4136329286754746,0.2231795997229888,H,ARGMAX,False,H,0.4136329286754746,H,0.418076073953508,6.473664143183891,1.0,False,H,False,False,False,True,False,,0.0504454570739378,0.3631874716015367,False,H,,,,,,,,,,,,,,,,,,,,,,,,,,,,,,,,,,,,,,,,,,neutral,False,1.0,0.0,3.3999999999999986,1.0,False,False,False,False,True,False,10.0,False,False,False,False,True,True,False,,False,False,False,False,False,,draw_risk,"draw_risk,home_adverse,away_adverse","type=neutral; flags=draw_risk,home_adverse,away_adverse; elo=6.472; xg_diff=3.400; rank_gap=1.000; prob_draw=0.363; draw_gap=0.050; lab_edge=; adv_home=1.47; adv_away=1.81; home_ctx=mid; away_ctx=mid",True,0.0504454570739378,0.6565917064261232,0.15,0.4539550238556739,0.0,0.0,0.0984887559639185,False,False,False,False,False,False,False,False,0.4286675647174605,0.0318484764202072,0.3676559099758782,stall,draw_risk,False,False,False,H,1.0,"type=neutral; flags=draw_risk,home_adverse,away_adverse; elo=6.472; xg_diff=3.400; rank_gap=1.000; prob_draw=0.363; draw_gap=0.050; lab_edge=; adv_home=1.47; adv_away=1.81; home_ctx=mid; away_ctx=mid",D,weak_draw_hold:draw_risk,False,True,False,False,True,True,False,False,0.3374174248865546,0.4432462141774319,0.2193363609360135,0.1601174851517903,-0.0762155037889199,0.0800587425758951,-0.0038432387869752,0.38,D,weak_draw_hold:draw_risk,0.0,0.3374174248865546,0.4432462141774319,0.2193363609360135,0.3374174248865546,0.4432462141774319,0.2193363609360135,,legacy_unused,False,False,,legacy_unused,,D,inherit_type_b:weak_draw_hold:draw_risk,False,True,D,inherit_type_b:weak_draw_hold:draw_risk,0.0,,,,,,,,,0.4136329286754746,0.3631874716015367,0.2231795997229888,0.4136329286754746,H,0.4136329286754746,CAL_ARGMAX,0.48,False,fragile,True,113.0,118.0,50.0,36.0,33.0,32.0,60.0,120.0,147.0,52.0,47.0,47.0,30.0,55.0,False,,False,
11,J2,1627,MATCHED,八戸,湘南,2026,15,5月6日,第１５節第１日,j2_2026_05061400_八戸_湘南,2026-05-06 14:00:00,プラスタ,A,True,A,0.0,1.0,4.4,8.05,0.0,0.0,,,,,,,4.4,8.05,2026-05-06 14:00:00,プラスタ,False,False,True,22.8,25.4,,False,11.5,3.4,8.1,0.9,308.9,59.5,8.8,51.6,8.8,41.9,15.8,22.5,46.5,43.2,7.0,16.3,41.4,16.0,9.3,3.3,1.1,26.3,18.9,61.9,24.4,1.1,12.9,0.9,12.1,4.0,0.0,11.8,4.1,13.9,1.6,448.5,72.4,12.8,49.4,14.1,45.5,14.3,19.4,48.8,53.4,10.6,19.0,37.9,17.0,12.7,3.1,0.9,23.0,19.4,65.3,22.1,1.2,17.0,1.2,16.2,4.0,0.0,0.0,,,0.0,,,9.0,15.0,-2.0,0.0,-2.0,-3.0,0.0,-3.0,2026.0,20260506.0,2.0,28.0,0.0,0.0,0.0,0.0,2.0,0.2,2026.0,20260506.0,0.0,0.0,0.0,0.0,0.017391,0.0,0.021739,2.0,True,False,0.05,0.03,0.02,0.017391,0.0,0.021739,False,False,2026-05-06,team_master_stats_j2_2026_asof_20260506.csv,,,-1.5,-1.5,4.2,4.2,,,1.15,-62.4641,-58.2641,-62.4641,-48.73,-48.73,-48.73,0.4492,False,0.2560173307296206,0.3346431528848664,0.4093395163855129,off,0.2560173307296206,0.3346431528848664,0.4093395163855129,0.2560173307296206,0.4093395163855129,False,,0.2560173307296206,0.4093395163855129,0.2560173307296206,0.3346431528848664,0.4093395163855129,0.0,0.0,0.0,False,0.2560173307296206,0.3346431528848664,0.4093395163855129,0.2560173307296206,0.4093395163855129,A,ARGMAX,False,A,0.4093395163855129,A,0.4093395163855129,48.73327185942301,1.0,False,A,False,False,True,True,False,,0.0746963635006465,0.3346431528848664,False,A,,,,,,,,,,,,5.46,8.19,-2.7299999999999995,6.52,6.94,-0.4200000000000008,10.22,10.0,0.2200000000000006,1.2,13.48,-12.28,0.5,0.71,-0.2099999999999999,0.722,0.984,-0.262,0.17,1.71,-1.54,1.193,1.117,0.076,10.3,15.7,-5.399999999999999,42.5762,55.8546,-13.278399999999998,away_strong,False,0.0,3.0,-1.0,7.0,True,True,True,False,False,False,10.0,False,True,True,False,False,False,True,-14.291,False,True,False,False,False,,away_strong,"away_strong,lab_away_matchup,away_title_race,home_relegation_risk","type=away_strong; flags=away_strong,lab_away_matchup,away_title_race,home_relegation_risk; elo=-48.730; xg_diff=-1.000; rank_gap=7.000; prob_draw=0.335; draw_gap=0.075; lab_edge=-14.291; adv_home=0.85; adv_away=1.03; home_ctx=relegation; away_ctx=title",False,0.0746963635006465,0.5169189863439578,0.128869294070722,0.3616991094346635,0.0,0.0,0.0,False,False,False,False,False,False,False,False,0.0819647293272995,0.0,0.6390912073028544,hold,"stable_lab_support,no_draw_risk",False,False,False,A,2.0,"type=away_strong; flags=away_strong,lab_away_matchup,away_title_race,home_relegation_risk; elo=-48.730; xg_diff=-1.000; rank_gap=7.000; prob_draw=0.335; draw_gap=0.075; lab_edge=-14.291; adv_home=0.85; adv_away=1.03; home_ctx=relegation; away_ctx=title",A,"j2_lab_sim_hold:stable_lab_support,no_draw_risk",False,False,False,False,,,,,0.2560173307296206,0.3346431528848664,0.4093395163855129,,,,,,A,"j2_lab_sim_hold:stable_lab_support,no_draw_risk",2.0,0.2560173307296206,0.3346431528848664,0.4093395163855129,0.2560173307296206,0.3346431528848664,0.4093395163855129,,legacy_unused,False,False,,legacy_unused,,,,False,False,,,,0.0,0.0,0.0,0.0,,,,,0.301243646112829,0.3353072367750799,0.3634491171120911,0.3634491171120911,A,0.3634491171120911,CAL_ARGMAX,0.34,True,trusted,False,,,,,,,,,,,,,,,,,,
12,J2,1627,MATCHED,新潟,徳島,2026,15,5月6日,第１５節第１日,j2_2026_05061400_新潟_徳島,2026-05-06 14:00:00,デンカＳ,H,False,A,1.0,0.0,2.83,5.4,0.0,0.0,,,,,,,2.83,5.4,2026-05-06 14:00:00,デンカＳ,False,False,True,21.5,8.3,,False,9.1,3.1,11.8,1.1,435.0,74.7,11.1,41.9,12.9,47.0,12.7,16.1,46.7,50.1,7.0,16.6,35.7,12.0,12.8,4.6,1.0,26.6,18.3,65.6,22.4,2.0,15.5,1.1,15.5,8.0,0.0,11.1,4.9,20.5,2.3,442.0,78.0,11.1,54.8,13.5,42.9,13.3,12.8,48.1,51.1,9.6,18.6,32.6,16.6,13.3,4.1,1.1,23.1,19.2,65.4,19.2,1.4,17.5,1.2,16.7,8.0,0.0,0.0,,,0.0,,,4.0,25.0,0.0,3.0,0.3,0.0,3.0,0.3,2026.0,20260506.0,2.0,28.0,0.0,0.0,0.0,-1.0,1.0,-0.9,2026.0,20260506.0,0.0,0.0,0.0,1.0,0.26,0.3,0.25,4.0,False,False,0.0,0.0,0.0,0.25,0.3,0.25,False,True,2026-05-06,team_master_stats_j2_2026_asof_20260506.csv,,,-0.15,-0.15,4.2,4.2,,,1.15,-52.3991,-48.1991,-52.3991,-40.312,-40.312,-40.312,0.4579,False,0.2683705610480308,0.3365855871796145,0.3950438517723547,off,0.2683705610480308,0.3365855871796145,0.3950438517723547,0.2683705610480308,0.3950438517723547,False,,0.2683705610480308,0.3950438517723547,0.2683705610480308,0.3365855871796145,0.3950438517723547,0.0,0.0,0.0,False,0.2683705610480308,0.3365855871796145,0.3950438517723547,0.2683705610480308,0.3950438517723547,A,ARGMAX,False,A,0.3950438517723547,A,0.3950438517723547,40.28695389044722,1.0,False,A,False,False,True,True,False,,0.0584582645927401,0.3365855871796145,False,A,,,,,,,,,,,,10.05,10.98,-0.9299999999999996,10.34,5.88,4.46,7.59,10.11,-2.5199999999999996,15.15,21.43,-6.279999999999999,1.29,0.71,0.5800000000000001,1.104,1.037,0.0670000000000001,1.43,2.57,-1.14,1.147,1.282,-0.135,12.0,13.4,-1.4000000000000004,48.2032,51.8313,-3.628099999999996,away_strong,False,0.0,2.0,-4.600000000000001,2.0,True,True,False,False,False,False,10.0,False,True,False,False,True,False,True,-2.3394999999999992,False,False,True,True,False,,away_strong,"away_strong,lab_style_conflict,lab_low_event,away_title_race,away_adverse","type=away_strong; flags=away_strong,lab_style_conflict,lab_low_event,away_title_race,away_adverse; elo=-40.312; xg_diff=-4.600; rank_gap=2.000; prob_draw=0.337; draw_gap=0.058; lab_edge=-2.339; adv_home=0.45; adv_away=2.76; home_ctx=mid; away_ctx=title",False,0.0584582645927401,0.6235382749190759,0.8573786143163455,0.7170744106779838,0.2167313711643843,0.2393890743093233,0.0,False,False,False,False,False,False,False,False,0.5087327192875715,0.0051391180241995,0.1963955186134644,stall,"lab_low_event,lab_style_conflict",False,False,False,A,2.0,"type=away_strong; flags=away_strong,lab_style_conflict,lab_low_event,away_title_race,away_adverse; elo=-40.312; xg_diff=-4.600; rank_gap=2.000; prob_draw=0.337; draw_gap=0.058; lab_edge=-2.339; adv_home=0.45; adv_away=2.76; home_ctx=mid; away_ctx=title",A,hold_main,False,False,False,False,,,,,0.2683705610480308,0.3365855871796145,0.3950438517723547,,,,,,A,hold_main,2.0,0.2683705610480308,0.3365855871796145,0.3950438517723547,0.2683705610480308,0.3365855871796145,0.3950438517723547,,legacy_unused,False,False,,legacy_unused,,,,False,False,,,,0.0,0.0,0.0,0.0,,,,,0.3065533771769708,0.3356219538914081,0.357824668931621,0.357824668931621,A,0.357824668931621,CAL_ARGMAX,0.34,True,trusted,False,,,,,,,,,,,,,,,,,,
13,J2,1627,MATCHED,甲府,磐田,2026,15,5月6日,第１５節第１日,j2_2026_05061400_甲府_磐田,2026-05-06 14:00:00,ＪＩＴス,A,True,A,1.0,2.0,2.98,6.96,0.0,0.0,,,,,,,2.98,6.96,2026-05-06 14:00:00,ＪＩＴス,False,False,True,22.6,9.8,,False,9.7,2.8,12.5,1.2,393.4,69.6,9.9,43.9,11.6,46.3,15.0,18.2,45.4,48.2,8.3,19.5,36.1,12.2,12.6,3.9,0.6,27.7,24.4,62.2,23.4,1.9,19.2,1.3,16.9,5.0,0.0,11.0,2.5,7.1,0.8,413.0,70.6,7.6,50.5,10.8,49.7,15.6,23.1,52.6,49.8,8.7,17.3,35.7,18.5,12.1,3.8,1.1,23.3,20.6,65.3,22.3,1.7,18.4,1.3,17.6,4.0,0.0,0.0,,,0.0,,,1.0,29.0,0.0,3.0,0.3,1.0,6.0,1.6,2026.0,20260506.0,8.0,19.0,0.0,1.0,0.1,-1.0,3.0,-0.7,2026.0,20260506.0,0.095238,0.142857,0.083333,3.0,0.0,0.0,0.0,1.0,False,False,0.095238,0.142857,0.083333,0.0,0.0,0.0,False,False,2026-05-06,team_master_stats_j2_2026_asof_20260506.csv,,,-0.3696,-0.3696,4.2,4.2,,,1.15,-74.8523,-70.6523,-74.8523,-59.091,-59.091,-59.091,0.4385,False,0.2412675037427674,0.3317769276887699,0.4269555685684627,off,0.2412675037427674,0.3317769276887699,0.4269555685684627,0.2412675037427674,0.4269555685684627,False,,0.2412675037427674,0.4269555685684627,0.2412675037427674,0.3317769276887699,0.4269555685684627,0.0,0.0,0.0,False,0.2412675037427674,0.3317769276887699,0.4269555685684627,0.2412675037427674,0.4269555685684627,A,ARGMAX,False,A,0.4269555685684627,A,0.4269555685684627,59.10054828975524,1.0,False,A,False,False,True,True,False,,0.0951786408796928,0.3317769276887699,False,A,,,,,,,,,,,,7.64,8.43,-0.79,5.56,14.08,-8.52,6.74,9.58,-2.84,14.75,4.82,9.93,0.57,1.43,-0.86,0.985,1.271,-0.2859999999999999,1.29,0.57,0.7200000000000001,0.789,1.164,-0.3749999999999999,11.5,14.5,-3.0,48.6683,52.3874,-3.7190999999999974,away_strong,False,1.0,2.0,-6.300000000000001,-7.0,True,True,False,False,False,True,10.0,True,False,False,True,False,False,True,-0.5189999999999995,False,True,True,False,False,,away_strong,"away_strong,lab_away_matchup,lab_style_conflict,home_title_race,away_relegation_risk,home_adverse","type=away_strong; flags=away_strong,lab_away_matchup,lab_style_conflict,home_title_race,away_relegation_risk,home_adverse; elo=-59.091; xg_diff=-6.300; rank_gap=-7.000; prob_draw=0.332; draw_gap=0.095; lab_edge=-0.519; adv_home=1.21; adv_away=0.93; home_ctx=title; away_ctx=relegation",False,0.0951786408796928,0.476199058410782,0.660262023073975,0.5498242442760592,0.0,0.0,0.0,False,False,False,False,False,False,False,False,0.2576653915331547,0.0,0.4033125243078925,hold,no_draw_risk,False,False,False,A,2.0,"type=away_strong; flags=away_strong,lab_away_matchup,lab_style_conflict,home_title_race,away_relegation_risk,home_adverse; elo=-59.091; xg_diff=-6.300; rank_gap=-7.000; prob_draw=0.332; draw_gap=0.095; lab_edge=-0.519; adv_home=1.21; adv_away=0.93; home_ctx=title; away_ctx=relegation",A,j2_lab_sim_hold:no_draw_risk,False,False,False,False,,,,,0.2412675037427674,0.3317769276887699,0.4269555685684627,,,,,,A,j2_lab_sim_hold:no_draw_risk,2.0,0.2412675037427674,0.3317769276887699,0.4269555685684627,0.2412675037427674,0.3317769276887699,0.4269555685684627,,legacy_unused,False,False,,legacy_unused,,,,False,False,,,,0.0,0.0,0.0,0.0,,,,,0.2947790734846852,0.3348386556762334,0.3703822708390813,0.3703822708390813,A,0.3703822708390813,CAL_ARGMAX,0.34,True,trusted,False,,,,,,,,,,,,,,,,,,
