league,節,match_id,datetime,stadium,home_team,away_team,predicted_result,predicted_result_main,predicted_result_type_b,predicted_result_type_c,predicted_result_main_symbol,predicted_result_type_b_symbol,predicted_result_type_c_symbol,match_type,match_type_primary,match_type_flags,draw_risk_flag,draw_gap,type_adjust_note_b,type_adjust_note_c,prob_home_win,prob_draw,prob_away_win,adjusted_prob_home_a,adjusted_prob_draw_a,adjusted_prob_away_a,adjusted_prob_home_b,adjusted_prob_draw_b,adjusted_prob_away_b,flab_trial_flag,flab_trial_score,flab_trial_reason,home_score,away_score,home_fatigue_score,away_fatigue_score,home_acl_fatigue,away_acl_fatigue,home_acl_last_date,away_acl_last_date,home_acl_days_since,away_acl_days_since,home_acl_travel_type,away_acl_travel_type,home_total_fatigue_score,away_total_fatigue_score,datetime_weather,stadium_weather,is_rain,is_heavy_rain,is_strong_wind,temperature,wind_speed,last_updated_at,weather_missing,stats_1試合平均シュート数_home,stats_1試合平均枠内シュート数_home,stats_シュート決定率_home,stats_1試合平均得点数_home,stats_1試合平均パス数_home,stats_パス成功率_home,stats_1試合平均ドリブル数_home,stats_ドリブル成功率_home,stats_1試合平均スルーパス数_home,stats_スルーパス成功率_home,stats_1試合平均クロス数_home,stats_1試合平均空中戦勝利数_home,stats_空中戦勝率_home,stats_平均ボール支配率_home,stats_1試合平均チャンスクリエイト数_home,stats_1試合平均1vs1勝利数_home,stats_1試合平均こぼれ球奪取数_home,stats_ゴール期待値_home,stats_1試合平均走行距離_home,stats_1試合平均スプリント回数_home,stats_1試合平均Atスプリント回数_home,stats_1試合平均Mtスプリント回数_home,stats_1試合平均Dtスプリント回数_home,stats_1試合平均ポゼッション時の走行距離_home,stats_1試合平均ポゼッション時のスプリント回数_home,stats_1試合平均被シュート数_home,stats_1試合平均被枠内シュート数_home,stats_1試合平均失点数_home,stats_1試合平均クリア数_home,stats_1試合平均タックル数_home,stats_タックル成功率_home,stats_1試合平均ブロック数_home,stats_1試合平均インターセプト数_home,stats_被ゴール期待値_home,stats_1試合平均被ゴール期待値_home,stats_被ゴール期待値 ※PKを除く_home,stats_クリーンシート総数_home,stats_stats_missing_ratio_home,stats_1試合平均シュート数_away,stats_1試合平均枠内シュート数_away,stats_シュート決定率_away,stats_1試合平均得点数_away,stats_1試合平均パス数_away,stats_パス成功率_away,stats_1試合平均ドリブル数_away,stats_ドリブル成功率_away,stats_1試合平均スルーパス数_away,stats_スルーパス成功率_away,stats_1試合平均クロス数_away,stats_1試合平均空中戦勝利数_away,stats_空中戦勝率_away,stats_平均ボール支配率_away,stats_1試合平均チャンスクリエイト数_away,stats_1試合平均1vs1勝利数_away,stats_1試合平均こぼれ球奪取数_away,stats_ゴール期待値_away,stats_1試合平均走行距離_away,stats_1試合平均スプリント回数_away,stats_1試合平均Atスプリント回数_away,stats_1試合平均Mtスプリント回数_away,stats_1試合平均Dtスプリント回数_away,stats_1試合平均ポゼッション時の走行距離_away,stats_1試合平均ポゼッション時のスプリント回数_away,stats_1試合平均被シュート数_away,stats_1試合平均被枠内シュート数_away,stats_1試合平均失点数_away,stats_1試合平均クリア数_away,stats_1試合平均タックル数_away,stats_タックル成功率_away,stats_1試合平均ブロック数_away,stats_1試合平均インターセプト数_away,stats_被ゴール期待値_away,stats_1試合平均被ゴール期待値_away,stats_被ゴール期待値 ※PKを除く_away,stats_クリーンシート総数_away,stats_stats_missing_ratio_away,management_manager_name_home,management_recent_injuries_suspensions_count_home,management_weather_influence_score_home,management_motivation_score_home,management_manager_name_away,management_recent_injuries_suspensions_count_away,management_weather_influence_score_away,management_motivation_score_away,rankmot_rank_latest_home,rankmot_points_latest_home,rankmot_rank_change_3w_home,rankmot_points_change_3w_home,rankmot_motivation_score_3w_home,rankmot_rank_change_5w_home,rankmot_points_change_5w_home,rankmot_motivation_score_5w_home,rankmot_season_home,rankmot_fetched_date_home,rankmot_rank_latest_away,rankmot_points_latest_away,rankmot_rank_change_3w_away,rankmot_points_change_3w_away,rankmot_motivation_score_3w_away,rankmot_rank_change_5w_away,rankmot_points_change_5w_away,rankmot_motivation_score_5w_away,rankmot_season_away,rankmot_fetched_date_away,absence_impact_total_home,absence_impact_attack_home,absence_impact_defense_home,absence_players_count_home,absence_impact_total_away,absence_impact_attack_away,absence_impact_defense_away,absence_players_count_away,absence_missing_home,absence_missing_away,absence_effective_total_home,absence_effective_attack_home,absence_effective_defense_home,absence_effective_total_away,absence_effective_attack_away,absence_effective_defense_away,absence_cap_applied_home,absence_cap_applied_away,stats_asof,stats_source_csv,home_elo,away_elo,home_advantage_diff,home_advantage_profile_diff,hfa_applied_elo,hfa_added_to_diff,hfa_clip_min,hfa_clip_max,elo_diff_scale_factor,elo_diff_before_hfa,elo_diff_after_hfa,diff_raw_no_hfa,elo_diff_scaled,elo_diff_for_prob,elo_diff_used_for_prob,expected_home_two_way,is_home_advantage_positive,prob_home_win_raw,prob_draw_raw,prob_away_win_raw,draw_tweak_mode,base_prob_home,base_prob_draw,base_prob_away,prob_home_win_before_signfix,prob_away_win_before_signfix,elo_sign_fix_applied,elo_sign_fix_reason,prob_home_raw,prob_away_raw,final_prob_home,final_prob_draw,final_prob_away,prob_delta_home,prob_delta_draw,prob_delta_away,residue_detected,prob_home,prob_away,final_result,decision_reason,force_draw_applied,argmax_result,argmax_max_prob,argmax_raw_result,argmax_raw_max_prob,d_scaled,decision_draw_expectation_multiplier,decision_draw_assign_enabled,predicted_highest_prob_result,stats_home_missing,stats_away_missing,management_missing,data_quality_warn,narrow_draw_override_applied,narrow_draw_override_reason,j1_away_restore_override_applied,j1_away_restore_override_reason,draw_candidate_gap,draw_candidate_prob_draw,draw_candidate_flag,draw_candidate_rule_result,draw_candidate_reason,flab_trial_available_metrics,flab_trial_agree_count,flab_trial_contradict_count,flab_trial_strong_contradict_count,flab_trial_avg_abs_edge,flab_trial_home_edge_allowed_shot_conversion,flab_trial_home_edge_shot_conversion,flab_chance_allowed_build_rate_home,flab_chance_allowed_build_rate_away,flab_chance_allowed_build_rate_diff,flab_chance_allowed_shot_conversion_home,flab_chance_allowed_shot_conversion_away,flab_chance_allowed_shot_conversion_diff,flab_chance_build_rate_home,flab_chance_build_rate_away,flab_chance_build_rate_diff,flab_chance_shot_conversion_home,flab_chance_shot_conversion_away,flab_chance_shot_conversion_diff,flab_expected_against_goals_home,flab_expected_against_goals_away,flab_expected_against_goals_diff,flab_expected_against_xg_home,flab_expected_against_xg_away,flab_expected_against_xg_diff,flab_expected_for_goals_home,flab_expected_for_goals_away,flab_expected_for_goals_diff,flab_expected_for_xg_home,flab_expected_for_xg_away,flab_expected_for_xg_diff,flab_possession_attack_cbp_home,flab_possession_attack_cbp_away,flab_possession_attack_cbp_diff,flab_possession_rate_home,flab_possession_rate_away,flab_possession_rate_diff,match_type_signal_conflict,match_type_home_signal_count,match_type_away_signal_count,match_type_xg_diff,match_type_rank_gap,match_type_sig_away_elo,match_type_sig_away_xg,match_type_sig_away_rank,match_type_sig_home_elo,match_type_sig_home_xg,match_type_sig_home_rank,match_type_team_count,match_type_title_race_home,match_type_title_race_away,match_type_relegation_risk_home,match_type_relegation_risk_away,match_type_midtable_home,match_type_midtable_away,match_type_lab_available,match_type_lab_matchup_edge,match_type_lab_home_matchup,match_type_lab_away_matchup,match_type_lab_style_conflict,match_type_lab_low_event,incentive_rank_context_applied,incentive_rank_context_reason,match_type_reason,d_score_close,d_score_stall,d_score_total,d_combo_close_lowevent,d_combo_close_conflict,d_combo_drawrisk_stall,d_flag_close_lowevent,d_flag_close_conflict,d_flag_drawrisk_stall,d_flag_two_of_three,d_flag_j1_close_lowevent,d_flag_j1_drawrisk_stall,d_flag_j2_second_draw_close,d_flag_j2_drawrisk_second,lab_sim_stall_score,lab_sim_flip_score,lab_sim_hold_score,lab_sim_scenario,lab_sim_reason,lab_sim_j1_stall_candidate,lab_sim_j1_flip_candidate,lab_sim_j1_hold_candidate,type_adjust_note,type_b_symbol,type_b_reason,type_b_draw_signal_strong,type_b_draw_signal_weak,type_b_reverse_signal_strong,type_b_reverse_signal_weak,type_b_stall_candidate,type_b_stall_below_threshold,type_b_stall_support_miss,type_b_stall_compact_miss,type_b_signal_strength,type_b_delta_home,type_b_delta_draw,type_b_delta_away,type_b_lab_weight,adjusted_prob_home_c,adjusted_prob_draw_c,adjusted_prob_away_c,type_c_symbol,type_c_reason,type_c_draw_signal_strong,type_c_draw_signal_weak,j1_signal_conflict_away_restore_applied,j1_signal_conflict_away_restore_reason,prob_home_win_cal,prob_draw_cal,prob_away_win_cal,max_prob_cal,predicted_result_cal,argmax_max_prob_cal,decision_reason_cal,confidence_threshold,threshold_hit_flag,confidence_class,low_confidence,j2_away_strong_away_restore_applied,j2_signal_conflict_away_restore_applied,j2_neg_home_adv_away_restore_applied,j2_away_draw_restore_applied,j2_away_strong_away_restore_reason,j2_signal_conflict_away_restore_reason,j2_neg_home_adv_away_restore_reason,j2_away_draw_restore_reason
J1,第１８節第１日,j1_2026_05221930_町田_浦和,2026-05-22 19:30:00,MUFG国立,町田,浦和,H,H,H,H,1,1,1,signal_conflict,signal_conflict,"signal_conflict,home_title_race",False,0.0933848417580153,j1_lab_sim_hold:no_draw_risk,,0.4054668971638502,0.3120820554058349,0.2824510474303147,0.4451985008955342,0.2599121967121073,0.2948893023923585,0.4451985008955342,0.2599121967121073,0.2948893023923585,,,,,,4.97,7.7,0.0,0.0,2026-04-26,,26.0,,long_haul,,4.97,7.7,2026-05-22 19:30:00,MUFG国立,False,False,False,20.9,9.2,,True,11.6,3.9,11.7,1.4,401.6,76.5,11.0,58.4,9.5,47.4,12.3,13.6,51.6,45.0,8.4,17.9,30.9,16.8,117.0,112.0,42.0,34.0,36.0,30.0,48.0,10.7,3.6,1.3,17.9,16.8,68.1,17.7,1.2,15.7,1.1,14.0,4.0,0.0,13.9,4.3,10.1,1.4,441.8,77.7,11.2,54.2,13.8,54.1,13.3,13.7,50.1,51.1,10.5,18.3,32.0,21.6,116.0,146.0,53.0,47.0,46.0,33.0,66.0,12.2,2.9,1.1,21.2,19.3,63.4,19.9,1.4,17.5,1.1,15.0,6.0,0.0,,0.0,0.0,0.0,,0.0,0.0,0.0,3,28,0,3,0.3,0,4,0.4,2026,20260508,6,21,0,3,0.3,1,6,1.6,2026,20260508,0.0,0.0,0.0,0.0,0.0,0.0,0.0,0.0,True,True,0.05,0.03,0.02,0.05,0.03,0.02,False,False,2026-05-08,team_master_stats_j1_2026_asof_20260508.csv,1563,1524,0.5385,0.5385,0.0,0.0,,,1.1,39.8161,39.8161,39.8161,29.1985,29.1985,29.1985,0.528,True,0.4109947976922593,0.3163368011595622,0.2726684011481785,off,0.4054668971638502,0.3120820554058349,0.2824510474303147,0.4109947976922593,0.2726684011481785,False,,0.4109947976922593,0.2726684011481785,0.4054668971638502,0.3120820554058349,0.2824510474303147,0.0,0.0,0.0,False,0.4054668971638502,0.2824510474303147,H,ARGMAX,False,H,0.4054668971638502,H,0.4109947976922593,29.19845997079705,1.0,False,H,False,False,False,True,False,,False,,0.0933848417580153,0.3120820554058349,False,H,,,,,,,,,,,,,,,,,,,,,,,,,,,,,,,,,,,,,,,True,1,1,-4.800000000000001,-3,False,True,False,False,False,True,10,True,False,False,False,False,True,False,,False,False,False,False,False,,"type=signal_conflict; flags=signal_conflict,home_title_race; elo=29.198; xg_diff=-4.800; rank_gap=-3.000; prob_draw=0.312; draw_gap=0.093; lab_edge=; adv_home=0.40; adv_away=0.73; home_ctx=title; away_ctx=mid",0.4889989299099507,0.1100683795048624,0.3374267097479154,0.0,0.0,0.0,False,False,False,False,False,False,False,False,0.0481230831087522,0.3,0.303540041467438,hold,no_draw_risk,False,False,False,"type=signal_conflict; flags=signal_conflict,home_title_race; elo=29.198; xg_diff=-4.800; rank_gap=-3.000; prob_draw=0.312; draw_gap=0.093; lab_edge=; adv_home=0.40; adv_away=0.73; home_ctx=title; away_ctx=mid",H,j1_lab_sim_hold:no_draw_risk,False,False,False,False,False,False,False,False,0.1043397173874552,0.0397316037316839,-0.0521698586937275,0.0124382549620437,0.37,0.4451985008955342,0.2599121967121073,0.2948893023923585,,,False,False,False,,0.4054668971638502,0.3120820554058349,0.2824510474303147,0.4054668971638502,H,0.4054668971638502,CAL_ARGMAX,0.48,False,fragile,True,,,,,,,,
J1,第１８節第１日,j1_2026_05231400_広島_名古屋,2026-05-23 14:00:00,Ｅピース,広島,名古屋,H,H,H,H,1,1,1,signal_conflict,signal_conflict,"signal_conflict,away_title_race",False,0.1039458452465565,j1_lab_sim_hold:no_draw_risk,,0.4224028587987471,0.3184570135521905,0.2591401276490624,0.461160174755268,0.2641014390858535,0.2747383861588784,0.461160174755268,0.2641014390858535,0.2747383861588784,,,,,,5.07,7.65,0.0,0.0,,,,,,,5.07,7.65,2026-05-23 14:00:00,Ｅピース,False,False,False,20.9,9.2,,True,16.5,4.2,8.1,1.3,474.8,74.3,9.7,49.7,18.1,45.8,17.5,20.3,51.4,54.3,13.4,15.3,42.2,27.8,112.0,130.0,55.0,41.0,35.0,32.0,65.0,10.0,3.0,1.3,17.3,16.1,64.9,21.8,1.2,16.4,1.0,15.5,2.0,0.0,13.5,4.5,12.3,1.7,438.0,76.0,10.1,58.3,14.6,43.8,16.5,15.9,51.7,51.7,11.6,19.1,36.2,21.7,113.0,138.0,54.0,45.0,39.0,32.0,69.0,14.5,4.7,1.2,24.1,19.3,68.9,19.5,1.4,21.2,1.4,20.4,4.0,0.0,,0.0,0.0,0.0,,0.0,0.0,0.0,6,21,-1,1,-0.9,-2,1,-1.9,2026,20260508,1,28,1,3,1.3,1,6,1.6,2026,20260508,0.0,0.0,0.0,0.0,0.051064,0.0,0.06383,1.0,True,False,0.05,0.03,0.02,0.051064,0.0,0.06383,False,False,2026-05-08,team_master_stats_j1_2026_asof_20260508.csv,1535,1516,0.7037,0.7037,0.0,0.0,,,1.1,19.3913,19.3913,19.3913,14.2203,14.2203,14.2203,0.5136,True,0.4276804380033757,0.3224358741997505,0.2498836877968738,off,0.4224028587987471,0.3184570135521905,0.2591401276490624,0.4276804380033757,0.2498836877968738,False,,0.4276804380033757,0.2498836877968738,0.4224028587987471,0.3184570135521905,0.2591401276490624,0.0,0.0,0.0,False,0.4224028587987471,0.2591401276490624,H,ARGMAX,False,H,0.4224028587987471,H,0.4276804380033757,14.22039240074735,1.0,False,H,False,False,False,True,False,,False,,0.1039458452465565,0.3184570135521905,False,H,,,,,,,,,,,,,,,,,,,,,,,,,,,,,,,,,,,,,,,True,1,1,6.100000000000001,5,False,False,True,False,True,False,10,False,True,False,False,True,False,False,,False,False,False,False,False,,"type=signal_conflict; flags=signal_conflict,away_title_race; elo=14.220; xg_diff=6.100; rank_gap=5.000; prob_draw=0.318; draw_gap=0.104; lab_edge=; adv_home=0.40; adv_away=0.72; home_ctx=mid; away_ctx=title",0.4815695647159714,0.1153808446268254,0.335094076680313,0.0,0.0,0.0,False,False,False,False,False,False,False,False,0.0576855203282857,0.3,0.3631348390997457,hold,no_draw_risk,False,False,False,"type=signal_conflict; flags=signal_conflict,away_title_race; elo=14.220; xg_diff=6.100; rank_gap=5.000; prob_draw=0.318; draw_gap=0.104; lab_edge=; adv_home=0.40; adv_away=0.72; home_ctx=mid; away_ctx=title",H,j1_lab_sim_hold:no_draw_risk,False,False,False,False,False,False,False,False,0.1087111489326738,0.0387573159565209,-0.0543555744663369,0.0155982585098159,0.37,0.461160174755268,0.2641014390858535,0.2747383861588784,,,False,False,False,,0.422402858798747,0.3184570135521904,0.2591401276490624,0.422402858798747,H,0.422402858798747,CAL_ARGMAX,0.48,False,fragile,True,,,,,,,,
J1,第１８節第１日,j1_2026_05231400_福岡_神戸,2026-05-23 14:00:00,ベススタ,福岡,神戸,A,A,A,A,2,2,2,away_strong,away_strong,"away_strong,away_title_race,home_relegation_risk",False,0.2884161151695219,j1_lab_sim_hold:no_draw_risk,,0.2559049226085879,0.227839481110945,0.516255596280467,0.2597004575464072,0.2044539710853052,0.5358455713682875,0.2597004575464072,0.2044539710853052,0.5358455713682875,,,,,,5.36,8.27,0.0,0.0,,2026-04-16,,37.0,,long_haul,5.36,8.27,2026-05-23 14:00:00,ベススタ,False,False,False,20.9,9.2,,True,10.9,3.1,9.2,1.0,340.9,71.6,10.3,44.8,9.6,44.4,10.3,16.3,47.4,42.6,8.2,15.6,34.1,15.9,116.0,111.0,34.0,40.0,37.0,28.0,45.0,12.3,3.8,1.6,26.7,18.1,60.3,19.5,1.9,20.1,1.2,19.3,2.0,0.0,12.7,3.9,12.9,1.6,459.6,74.0,7.2,50.5,11.6,50.3,15.1,24.5,50.5,53.1,9.0,13.9,38.9,23.2,115.0,135.0,47.0,42.0,47.0,33.0,56.0,10.8,4.0,1.1,25.0,16.1,64.0,20.8,1.9,16.0,1.1,15.2,4.0,0.0,,0.0,0.0,0.0,,0.0,0.0,0.0,9,20,0,2,0.2,0,3,0.3,2026,20260508,2,28,-1,2,-0.8,-1,2,-0.8,2026,20260508,0.0,0.0,0.0,0.0,0.017778,0.0,0.022222,2.0,True,False,0.05,0.03,0.02,0.017778,0.0,0.022222,False,False,2026-05-08,team_master_stats_j1_2026_asof_20260508.csv,1473,1572,-0.1282,-0.1282,0.0,0.0,,,1.1,-99.3292,-99.3292,-99.3292,-72.8414,-72.8414,-72.8414,0.4306,False,0.2623545416727866,0.2335817616656567,0.5040636966615566,off,0.2559049226085879,0.227839481110945,0.516255596280467,0.2623545416727866,0.5040636966615566,False,,0.2623545416727866,0.5040636966615566,0.2559049226085879,0.227839481110945,0.516255596280467,0.0,0.0,0.0,False,0.2559049226085879,0.516255596280467,A,ARGMAX,False,A,0.516255596280467,A,0.5040636966615566,72.84464539127461,1.0,False,A,False,False,False,True,False,,False,,0.2884161151695219,0.227839481110945,False,A,,,,,,,,,,,,,,,,,,,,,,,,,,,,,,,,,,,,,,,False,0,3,-7.299999999999999,7,True,True,True,False,False,False,10,False,True,True,False,False,False,False,,False,False,False,False,False,,"type=away_strong; flags=away_strong,away_title_race,home_relegation_risk; elo=-72.841; xg_diff=-7.300; rank_gap=7.000; prob_draw=0.228; draw_gap=0.288; lab_edge=; adv_home=0.40; adv_away=0.49; home_ctx=relegation; away_ctx=title",0.0349158787030438,0.05,0.0409495272218262,0.0,0.0,0.0,False,False,False,False,False,False,False,False,0.0,0.0,0.5509456403093327,hold,no_draw_risk,False,False,True,"type=away_strong; flags=away_strong,away_title_race,home_relegation_risk; elo=-72.841; xg_diff=-7.300; rank_gap=7.000; prob_draw=0.228; draw_gap=0.288; lab_edge=; adv_home=0.40; adv_away=0.49; home_ctx=relegation; away_ctx=title",A,j1_lab_sim_hold:no_draw_risk,False,False,False,False,False,False,False,False,0.0467710200512795,0.0037955349378193,-0.0233855100256397,0.0195899750878204,0.35,0.2597004575464072,0.2044539710853052,0.5358455713682875,,,False,False,False,,0.2559049226085879,0.227839481110945,0.516255596280467,0.516255596280467,A,0.516255596280467,CAL_ARGMAX,0.38,True,trusted,False,,,,,,,,
J1,第１８節第２日,j1_2026_05231730_鹿島_FC東京,2026-05-23 17:30:00,メルスタ,鹿島,FC東京,H,H,H,H,1,1,1,signal_conflict,signal_conflict,"signal_conflict,home_title_race,away_title_race",False,0.2664244792550867,j1_lab_sim_hold:no_draw_risk,,0.5052267613830083,0.2388022821279215,0.2559709564890702,0.5204533324865432,0.2100678444433161,0.2694788230701406,0.5204533324865432,0.2100678444433161,0.2694788230701406,,,,,,4.89,7.53,0.0,0.0,,,,,,,4.89,7.53,2026-05-23 17:30:00,メルスタ,False,False,False,20.9,9.2,,True,12.1,3.9,13.7,1.7,525.2,81.4,8.3,44.4,15.7,52.8,13.2,13.5,55.3,54.3,11.2,13.9,32.9,22.6,113.0,133.0,53.0,45.0,36.0,35.0,70.0,11.5,2.9,0.5,19.1,17.3,59.2,20.2,1.8,15.3,1.0,14.5,9.0,0.0,15.4,5.1,11.3,1.7,476.2,78.9,10.9,52.1,16.8,51.2,14.9,13.3,53.6,51.9,12.8,17.1,35.3,24.7,119.0,151.0,68.0,48.0,35.0,37.0,85.0,10.3,3.1,0.9,21.0,17.4,65.9,17.8,2.1,13.1,0.8,13.1,5.0,0.0,,0.0,0.0,0.0,,0.0,0.0,0.0,1,37,0,3,0.3,0,5,0.5,2026,20260508,2,32,0,0,0.0,0,3,0.3,2026,20260508,0.0,0.0,0.0,0.0,0.0,0.0,0.0,1.0,True,False,0.05,0.03,0.02,0.0,0.0,0.0,False,False,2026-05-08,team_master_stats_j1_2026_asof_20260508.csv,1651,1559,0.9074,0.9074,0.0,0.0,,,1.1,91.772,91.772,91.772,67.2995,67.2995,67.2995,0.5642,True,0.5114610072512447,0.2417489830045855,0.2467900097441698,off,0.5052267613830083,0.2388022821279215,0.2559709564890702,0.5114610072512447,0.2467900097441698,False,,0.5114610072512447,0.2467900097441698,0.5052267613830083,0.2388022821279215,0.2559709564890702,0.0,0.0,0.0,False,0.5052267613830083,0.2559709564890702,H,ARGMAX,False,H,0.5052267613830083,H,0.5114610072512447,67.29445990259438,1.0,False,H,False,False,False,True,False,,False,,0.2664244792550867,0.2388022821279215,False,H,,,,,,,,,,,,,,,,,,,,,,,,,,,,,,,,,,,,,,,True,1,1,-2.099999999999998,-1,False,True,False,True,False,False,10,True,True,False,False,False,False,False,,False,False,False,False,False,,"type=signal_conflict; flags=signal_conflict,home_title_race,away_title_race; elo=67.299; xg_diff=-2.100; rank_gap=-1.000; prob_draw=0.239; draw_gap=0.266; lab_edge=; adv_home=0.40; adv_away=0.32; home_ctx=title; away_ctx=title",0.0427759824730691,0.05,0.0456655894838414,0.0,0.0,0.0,False,False,False,False,False,False,False,False,0.0,0.3,0.4432485677392803,hold,no_draw_risk,False,False,False,"type=signal_conflict; flags=signal_conflict,home_title_race,away_title_race; elo=67.299; xg_diff=-2.100; rank_gap=-1.000; prob_draw=0.239; draw_gap=0.266; lab_edge=; adv_home=0.40; adv_away=0.32; home_ctx=title; away_ctx=title",H,j1_lab_sim_hold:no_draw_risk,False,False,False,False,False,False,False,False,0.0574688753692108,0.0152265711035349,-0.0287344376846054,0.0135078665810703,0.37,0.5204533324865432,0.2100678444433161,0.2694788230701406,,,False,False,False,,0.5052267613830083,0.2388022821279215,0.2559709564890702,0.5052267613830083,H,0.5052267613830083,CAL_ARGMAX,0.48,True,trusted,False,,,,,,,,
J1,第１８節第２日,j1_2026_05231800_柏_千葉,2026-05-23 18:00:00,三協Ｆ柏,柏,千葉,H,H,H,H,1,1,1,neutral,neutral,"home_relegation_risk,away_relegation_risk",False,0.2991612606393502,j1_lab_sim_hold:no_draw_risk,,0.5575437667614241,0.2583825061220739,0.1840737271165019,0.5629987894577225,0.2262772446222041,0.2107239659200733,0.5629987894577225,0.2262772446222041,0.2107239659200733,,,,,,3.65,7.54,0.0,0.0,,,,,,,3.65,7.54,2026-05-23 18:00:00,三協Ｆ柏,False,False,False,20.9,9.2,,True,13.3,3.5,7.5,1.0,573.3,82.4,13.8,52.7,19.6,53.7,16.6,11.0,53.6,56.3,14.1,19.9,32.7,21.2,120.0,134.0,56.0,45.0,33.0,40.0,68.0,11.2,3.9,1.5,18.3,17.8,71.2,15.1,1.2,18.4,1.2,16.8,3.0,0.0,11.3,3.5,9.5,1.1,413.5,76.2,12.7,48.7,9.3,39.3,12.9,14.8,52.0,47.3,8.6,16.4,30.0,18.4,119.0,119.0,37.0,40.0,42.0,34.0,51.0,17.4,4.9,1.5,29.3,17.1,59.8,18.2,1.9,27.2,1.8,25.5,2.0,0.0,,0.0,0.0,0.0,,0.0,0.0,0.0,10,11,-1,0,-1.0,-1,0,-1.0,2026,20260508,9,12,1,3,1.3,1,3,1.3,2026,20260508,0.0,0.0,0.0,0.0,0.0,0.0,0.0,0.0,True,True,0.05,0.03,0.02,0.05,0.03,0.02,False,False,2026-05-08,team_master_stats_j1_2026_asof_20260508.csv,1509,1457,1.3077,1.3077,0.0,0.0,,,1.1,52.7266,52.7266,52.7266,38.6662,38.6662,38.6662,0.537,True,0.5624740858754019,0.2606673638939594,0.1768585502306387,off,0.5575437667614241,0.2583825061220739,0.1840737271165019,0.5624740858754019,0.1768585502306387,False,,0.5624740858754019,0.1768585502306387,0.5575437667614241,0.2583825061220739,0.1840737271165019,0.0,0.0,0.0,False,0.5575437667614241,0.1840737271165019,H,ARGMAX,False,H,0.5575437667614241,H,0.5624740858754019,38.66618770468249,1.0,False,H,False,False,False,True,False,,False,,0.2991612606393502,0.2583825061220739,False,H,,,,,,,,,,,,,,,,,,,,,,,,,,,,,,,,,,,,,,,False,1,0,2.8000000000000007,1,False,False,False,False,True,False,10,False,False,True,True,False,False,False,,False,False,False,False,False,,"type=neutral; flags=home_relegation_risk,away_relegation_risk; elo=38.666; xg_diff=2.800; rank_gap=1.000; prob_draw=0.258; draw_gap=0.299; lab_edge=; adv_home=0.40; adv_away=0.87; home_ctx=relegation; away_ctx=relegation",0.4,0.0653187551017282,0.2661275020406913,0.0,0.0,0.0,False,False,False,False,False,False,False,False,0.0,0.0,0.5547064412237726,hold,no_draw_risk,False,False,True,"type=neutral; flags=home_relegation_risk,away_relegation_risk; elo=38.666; xg_diff=2.800; rank_gap=1.000; prob_draw=0.258; draw_gap=0.299; lab_edge=; adv_home=0.40; adv_away=0.87; home_ctx=relegation; away_ctx=relegation",H,j1_lab_sim_hold:no_draw_risk,False,False,False,False,False,False,False,False,0.0642105229997395,0.0054550226962983,-0.0321052614998698,0.0266502388035713,0.35,0.5629987894577225,0.2262772446222041,0.2107239659200733,,,False,False,False,,0.5575437667614241,0.2583825061220739,0.1840737271165019,0.5575437667614241,H,0.5575437667614241,CAL_ARGMAX,0.48,True,trusted,False,,,,,,,,
J1,第１８節第１日,j1_2026_05231900_京都_長崎,2026-05-23 19:00:00,サンガＳ,京都,長崎,H,H,D,D,1,0,0,neutral,draw_risk,"draw_risk,home_relegation_risk,away_relegation_risk",True,0.0507142830643886,hold_main,inherit_type_b:hold_main,0.3706113912154651,0.3198971081510764,0.3094915006334585,0.3131060340232922,0.4116822641142597,0.2752117018624482,0.3131060340232922,0.4116822641142597,0.2752117018624482,,,,,,4.66,7.53,0.0,0.0,,,,,,,4.66,7.53,2026-05-23 19:00:00,サンガＳ,False,False,False,20.9,9.2,,True,13.6,4.5,9.4,1.3,375.1,67.9,8.6,53.7,16.0,42.9,14.6,19.1,46.4,52.4,11.4,16.5,37.8,17.5,114.0,158.0,59.0,53.0,46.0,30.0,69.0,12.7,3.3,1.3,25.0,18.3,64.8,23.3,1.2,21.3,1.5,20.5,1.0,0.0,11.1,3.5,9.6,1.1,423.1,74.8,10.6,49.7,10.5,43.3,9.8,16.3,50.5,49.0,9.0,15.3,33.3,18.1,113.0,131.0,45.0,42.0,43.0,29.0,57.0,14.1,4.4,1.5,27.5,15.5,65.1,20.6,2.5,21.4,1.4,20.6,3.0,0.0,,0.0,0.0,0.0,,0.0,0.0,0.0,7,20,1,1,1.1,-2,1,-1.9,2026,20260508,10,19,0,3,0.3,0,3,0.3,2026,20260508,0.0,0.0,0.0,0.0,0.0,0.0,0.0,0.0,True,True,0.05,0.03,0.02,0.05,0.03,0.02,False,False,2026-05-08,team_master_stats_j1_2026_asof_20260508.csv,1533,1485,0.3297,0.3297,0.0,0.0,,,1.1,47.5738,47.5738,47.5738,34.8874,34.8874,34.8874,0.5334,True,0.376155047893726,0.3246821735376043,0.2991627785686696,off,0.3706113912154651,0.3198971081510764,0.3094915006334585,0.376155047893726,0.2991627785686696,False,,0.376155047893726,0.2991627785686696,0.3706113912154651,0.3198971081510764,0.3094915006334585,0.0,0.0,0.0,False,0.3706113912154651,0.3094915006334585,H,ARGMAX,False,H,0.3706113912154651,H,0.376155047893726,34.887424838450414,1.0,False,H,False,False,False,True,False,,False,,0.0507142830643886,0.3198971081510764,False,H,,,,,,,,,,,,,,,,,,,,,,,,,,,,,,,,,,,,,,,False,1,0,-0.6000000000000014,-3,False,False,False,False,False,True,10,False,False,True,True,False,False,False,,False,False,False,False,False,,"type=neutral; flags=draw_risk,home_relegation_risk,away_relegation_risk; elo=34.887; xg_diff=-0.600; rank_gap=-3.000; prob_draw=0.320; draw_gap=0.051; lab_edge=; adv_home=0.40; adv_away=0.74; home_ctx=relegation; away_ctx=relegation",0.6801601954521113,0.1165809234592303,0.4547284866549589,0.0,0.0,0.0792937036860177,False,False,False,False,False,False,False,False,0.3630599545656429,0.1087126086213579,0.2026387359919896,stall,draw_risk,False,False,False,"type=neutral; flags=draw_risk,home_relegation_risk,away_relegation_risk; elo=34.887; xg_diff=-0.600; rank_gap=-3.000; prob_draw=0.320; draw_gap=0.051; lab_edge=; adv_home=0.40; adv_away=0.74; home_ctx=relegation; away_ctx=relegation",D,hold_main,False,False,False,False,True,True,False,False,0.1835703119263664,-0.0575053571921728,0.0917851559631832,-0.0342797987710103,0.38,0.3131060340232922,0.4116822641142597,0.2752117018624482,D,inherit_type_b:hold_main,False,False,False,,0.3706113912154651,0.3198971081510764,0.3094915006334585,0.3706113912154651,H,0.3706113912154651,CAL_ARGMAX,0.48,False,fragile,True,,,,,,,,
J1,第１８節第２日,j1_2026_05241255_岡山_Ｃ大阪,2026-05-24 12:55:00,ＪＦＥス,岡山,Ｃ大阪,D,D,H,H,0,1,1,signal_conflict,signal_conflict,"draw_risk,signal_conflict,home_relegation_risk",True,-0.0168817734503688,weak_flip_hold:signal_conflict,,0.2921528467145562,0.3623644633679063,0.3454826899175374,0.4523174719314019,0.3147084576919419,0.232974070376656,0.4523174719314019,0.3147084576919419,0.232974070376656,,,,,,4.28,7.53,0.0,0.0,,,,,,,4.28,7.53,2026-05-24 12:55:00,ＪＦＥス,False,False,False,20.9,9.2,,True,11.5,3.3,9.9,1.1,324.0,66.9,10.7,51.9,10.4,49.4,16.3,20.5,53.5,43.1,8.9,15.0,32.9,19.6,113.0,138.0,54.0,45.0,39.0,28.0,65.0,10.9,4.1,1.5,26.5,16.0,59.2,23.3,1.5,17.1,1.1,16.3,3.0,0.0,10.6,3.5,8.8,0.9,455.7,76.6,10.0,56.7,20.0,42.7,13.5,15.3,54.4,49.8,10.3,16.4,34.2,17.4,121.0,141.0,53.0,44.0,44.0,35.0,70.0,14.1,3.5,0.9,28.9,18.5,58.1,24.4,0.9,23.5,1.5,21.1,6.0,0.0,,0.0,0.0,0.0,,0.0,0.0,0.0,8,20,-1,0,-1.0,0,3,0.3,2026,20260508,5,22,-1,1,-0.9,1,3,1.3,2026,20260508,0.0,0.0,0.0,0.0,0.05,0.0,0.0625,1.0,True,False,0.05,0.03,0.02,0.05,0.0,0.0625,False,False,2026-05-08,team_master_stats_j1_2026_asof_20260508.csv,1469,1499,0.1239,0.1239,0.0,0.0,,,1.1,-29.4488,-29.4488,-29.4488,-21.5958,-21.5958,-21.5958,0.4793,True,0.2970396107010833,0.3684256386379649,0.3345347506609517,off,0.2921528467145562,0.3623644633679063,0.3454826899175374,0.2970396107010833,0.3345347506609517,False,,0.2970396107010833,0.3345347506609517,0.2921528467145562,0.3623644633679063,0.3454826899175374,0.0,0.0,0.0,False,0.2921528467145562,0.3454826899175374,D,MATCH_TYPE_MAIN_OVERRIDE,False,D,0.3623644633679063,D,0.3684256386379649,21.595808213789468,1.0,False,D,False,False,False,True,True,prob_draw>=0.335 & gap<=0.010,True,pred=D and away~home while draw only slightly above away,-0.0168817734503688,0.3623644633679063,True,D,prob_draw>=0.33 & gap<=0.02,,,,,,,,,,,,,,,,,,,,,,,,,,,,,,,,,,,,,,True,1,1,2.200000000000003,3,False,False,True,False,True,False,10,False,False,True,False,False,True,False,,False,False,False,False,False,,"type=signal_conflict; flags=draw_risk,signal_conflict,home_relegation_risk; elo=-21.596; xg_diff=2.200; rank_gap=3.000; prob_draw=0.362; draw_gap=-0.017; lab_edge=; adv_home=0.40; adv_away=0.79; home_ctx=relegation; away_ctx=mid",0.8940605898990744,0.15,0.5964363539394447,0.0,0.0,0.1341090884848612,False,False,False,False,False,False,False,False,0.5113422614259371,0.5370677354261415,0.0740692266708071,flip,signal_conflict,False,True,False,"type=signal_conflict; flags=draw_risk,signal_conflict,home_relegation_risk; elo=-21.596; xg_diff=2.200; rank_gap=3.000; prob_draw=0.362; draw_gap=-0.017; lab_edge=; adv_home=0.40; adv_away=0.79; home_ctx=relegation; away_ctx=mid",H,weak_flip_hold:signal_conflict,False,False,False,True,False,False,False,False,0.3203292504336913,0.1601646252168456,-0.0476560056759643,-0.1125086195408813,0.42,0.4523174719314019,0.3147084576919419,0.232974070376656,,,False,False,False,,0.2921528467145563,0.3623644633679063,0.3454826899175374,0.3623644633679063,D,0.3623644633679063,CAL_ARGMAX,0.38,False,watch,False,,,,,,,,
J1,第１８節第３日,j1_2026_05241400_水戸_川崎Ｆ,2026-05-24 14:00:00,Ｋｓスタ,水戸,川崎Ｆ,D,D,D,D,0,0,0,neutral,draw_risk,"draw_risk,home_relegation_risk",True,-0.0175458908411061,"j1_lab_sim_stall:draw_risk,close_top_gap","inherit_type_b:j1_lab_sim_stall:draw_risk,close_top_gap",0.3432244400656432,0.3607703309067493,0.2960052290276074,0.2833663656874552,0.4625431794686717,0.254090454843873,0.2833663656874552,0.4625431794686717,0.254090454843873,,,,,,3.65,7.88,0.0,0.0,,,,,,,3.65,7.88,2026-05-24 14:00:00,Ｋｓスタ,False,False,False,20.9,9.2,,True,11.4,3.4,9.9,1.1,441.7,76.9,11.3,47.9,9.4,46.1,11.5,14.0,45.3,51.0,9.0,15.0,31.5,15.6,118.0,131.0,48.0,42.0,41.0,32.0,57.0,11.5,4.1,1.8,20.7,15.2,63.2,19.8,1.9,21.5,1.4,18.3,2.0,0.0,10.9,3.2,11.6,1.3,493.9,81.1,10.0,51.3,16.1,50.2,13.7,9.9,43.1,49.6,10.8,15.9,33.7,16.2,113.0,118.0,50.0,36.0,33.0,32.0,60.0,15.1,4.7,1.6,21.5,16.2,66.3,19.7,1.5,25.6,1.7,24.8,3.0,0.0,,0.0,0.0,0.0,,0.0,0.0,0.0,7,18,0,0,0.0,-1,2,-0.8,2026,20260508,5,23,0,3,0.3,0,3,0.3,2026,20260508,0.0,0.0,0.0,1.0,0.0,0.0,0.0,2.0,False,False,0.0,0.0,0.0,0.0,0.0,0.0,False,False,2026-05-08,team_master_stats_j1_2026_asof_20260508.csv,1488,1517,0.3205,0.3205,0.0,0.0,,,1.1,-29.4191,-29.4191,-29.4191,-21.574,-21.574,-21.574,0.4793,True,0.3481315234625123,0.3659282680878454,0.2859402084496422,off,0.3432244400656432,0.3607703309067493,0.2960052290276074,0.3481315234625123,0.2859402084496422,False,,0.3481315234625123,0.2859402084496422,0.3432244400656432,0.3607703309067493,0.2960052290276074,0.0,0.0,0.0,False,0.3432244400656432,0.2960052290276074,D,NARROW_DRAW_OVERRIDE,False,D,0.3607703309067493,D,0.3659282680878454,21.5739853966402,1.0,False,D,False,False,False,True,True,prob_draw>=0.335 & gap<=0.010,False,,-0.0175458908411061,0.3607703309067493,True,D,prob_draw>=0.33 & gap<=0.02,,,,,,,,,,,,,,,,,,,,,,,,,,,,,,,,,,,,,,False,0,0,-0.5999999999999996,2,False,False,False,False,False,False,10,False,False,True,False,False,True,False,,False,False,False,False,False,,"type=neutral; flags=draw_risk,home_relegation_risk; elo=-21.574; xg_diff=-0.600; rank_gap=2.000; prob_draw=0.361; draw_gap=-0.018; lab_edge=; adv_home=0.00; adv_away=0.51; home_ctx=relegation; away_ctx=mid",0.8930245090163307,0.15,0.5958147054097984,0.0,0.0,0.1339536763524496,False,False,False,False,False,False,False,False,0.5072907692573587,0.2470752751202413,0.1655822375528274,stall,"draw_risk,close_top_gap",True,False,False,"type=neutral; flags=draw_risk,home_relegation_risk; elo=-21.574; xg_diff=-0.600; rank_gap=2.000; prob_draw=0.361; draw_gap=-0.018; lab_edge=; adv_home=0.00; adv_away=0.51; home_ctx=relegation; away_ctx=mid",D,"j1_lab_sim_stall:draw_risk,close_top_gap",True,False,False,False,True,False,False,False,0.2035456971238448,-0.059858074378188,0.1017728485619223,-0.0419147741837344,0.38,0.2833663656874552,0.4625431794686717,0.254090454843873,D,"inherit_type_b:j1_lab_sim_stall:draw_risk,close_top_gap",True,False,False,,0.3432244400656433,0.3607703309067493,0.2960052290276074,0.3607703309067493,D,0.3607703309067493,CAL_ARGMAX,0.38,False,watch,False,,,,,,,,
J1,第１８節第３日,j1_2026_05241400_東京Ｖ_横浜FM,2026-05-24 14:00:00,味スタ,東京Ｖ,横浜FM,H,H,H,H,1,1,1,signal_conflict,signal_conflict,"signal_conflict,away_relegation_risk,away_adverse",False,0.099905179753264,j1_lab_sim_hold:no_draw_risk,,0.4238664807634833,0.3239613010102192,0.2521722182262974,0.4629965615806456,0.2677440567317498,0.2692593816876046,0.4629965615806456,0.2677440567317498,0.2692593816876046,,,,,,6.1,7.2,0.0,0.0,,,,,,,6.1,7.2,2026-05-24 14:00:00,味スタ,False,False,False,20.9,9.2,,True,9.6,3.0,12.7,1.2,384.4,74.3,9.0,31.0,8.3,44.8,10.6,15.3,48.7,44.5,7.9,15.1,28.5,12.8,120.0,147.0,52.0,47.0,47.0,30.0,55.0,9.8,2.8,1.2,22.8,19.0,65.0,22.0,1.5,15.0,1.0,13.4,4.0,0.0,11.0,2.9,12.7,1.4,386.3,73.6,10.5,50.0,13.0,45.6,13.4,13.7,48.1,47.7,9.1,17.1,26.9,17.4,117.0,134.0,45.0,37.0,52.0,30.0,52.0,10.7,3.8,1.8,21.9,18.3,65.0,17.3,0.9,18.0,1.2,16.4,2.0,0.0,,0.0,0.0,0.0,,0.0,0.0,0.0,4,24,0,0,0.0,0,3,0.3,2026,20260508,8,16,0,0,0.0,0,1,0.1,2026,20260508,0.133334,0.333334,0.083334,2.0,0.15,0.5,0.0625,1.0,False,False,0.133334,0.333334,0.083334,0.15,0.5,0.0625,False,False,2026-05-08,team_master_stats_j1_2026_asof_20260508.csv,1489,1467,0.6667,0.6667,0.0,0.0,,,1.1,21.359,21.359,21.359,15.6633,15.6633,15.6633,0.515,True,0.4290182176975926,0.3278987753691972,0.2430830069332101,off,0.4238664807634833,0.3239613010102192,0.2521722182262974,0.4290182176975926,0.2430830069332101,False,,0.4290182176975926,0.2430830069332101,0.4238664807634833,0.3239613010102192,0.2521722182262974,0.0,0.0,0.0,False,0.4238664807634833,0.2521722182262974,H,ARGMAX,False,H,0.4238664807634833,H,0.4290182176975926,15.66496557375014,1.0,False,H,False,False,False,True,False,,False,,0.099905179753264,0.3239613010102192,False,H,,,,,,,,,,,,,,,,,,,,,,,,,,,,,,,,,,,,,,,True,1,1,-4.599999999999998,-4,False,True,False,False,False,True,10,False,False,False,True,True,False,False,,False,False,False,False,False,,"type=signal_conflict; flags=signal_conflict,away_relegation_risk,away_adverse; elo=15.663; xg_diff=-4.600; rank_gap=-4.000; prob_draw=0.324; draw_gap=0.100; lab_edge=; adv_home=1.07; adv_away=1.33; home_ctx=mid; away_ctx=relegation",0.4797545412360178,0.1199677508418494,0.3358398250783504,0.0,0.0,0.0,False,False,False,False,False,False,False,False,0.0659419515153288,0.3,0.3734310664375118,hold,no_draw_risk,False,False,False,"type=signal_conflict; flags=signal_conflict,away_relegation_risk,away_adverse; elo=15.663; xg_diff=-4.600; rank_gap=-4.000; prob_draw=0.324; draw_gap=0.100; lab_edge=; adv_home=1.07; adv_away=1.33; home_ctx=mid; away_ctx=relegation",H,j1_lab_sim_hold:no_draw_risk,False,False,False,False,False,False,False,False,0.112434488556939,0.0391300808171622,-0.0562172442784694,0.0170871634613072,0.37,0.4629965615806456,0.2677440567317498,0.2692593816876046,,,False,False,False,,0.4238664807634834,0.3239613010102192,0.2521722182262974,0.4238664807634834,H,0.4238664807634834,CAL_ARGMAX,0.48,False,fragile,True,,,,,,,,
J1,第１８節第２日,j1_2026_05241700_清水_Ｇ大阪,2026-05-24 17:00:00,MUFG国立,清水,Ｇ大阪,D,D,D,D,1,0,0,neutral,draw_risk,"draw_risk,away_title_race,away_adverse",True,0.0029141800660034,"j1_lab_sim_stall:draw_risk,close_top_gap","inherit_type_b:j1_lab_sim_stall:draw_risk,close_top_gap",0.3481952049617453,0.3452810248957418,0.3065237701425128,0.2828447153982896,0.460146858791345,0.2570084258103655,0.2828447153982896,0.460146858791345,0.2570084258103655,,,,,,3.79,7.88,0.0,8.6275,,2026-05-17,,7.0,,long_haul,3.79,16.5075,2026-05-24 17:00:00,MUFG国立,False,False,False,20.9,9.2,,True,10.8,3.1,10.5,1.1,400.9,70.1,7.1,47.7,12.8,44.8,14.3,20.9,47.1,48.9,8.2,13.7,38.5,18.2,113.0,127.0,48.0,36.0,43.0,29.0,59.0,12.7,4.0,1.1,24.9,15.5,66.1,20.7,1.9,22.9,1.5,22.1,3.0,0.0,13.2,5.3,11.4,1.5,467.4,76.1,12.3,50.3,15.4,48.2,13.0,15.7,48.7,55.9,11.4,17.6,41.8,23.3,113.0,124.0,44.0,41.0,39.0,33.0,58.0,12.0,4.2,1.3,23.8,16.6,68.4,21.9,1.8,22.8,1.4,20.4,4.0,0.0,,0.0,0.0,0.0,,0.0,0.0,0.0,4,22,2,2,2.2,3,5,3.5,2026,20260508,3,25,0,0,0.0,0,3,0.3,2026,20260508,0.0,0.0,0.0,0.0,0.05,0.0,0.0625,1.0,True,False,0.05,0.03,0.02,0.05,0.0,0.0625,False,False,2026-05-08,team_master_stats_j1_2026_asof_20260508.csv,1477,1514,0.2707,0.2707,0.0,0.0,,,1.1,-37.2584,-37.2584,-37.2584,-27.3228,-27.3228,-27.3228,0.4738,True,0.3533528742573673,0.350395527666282,0.2962515980763506,off,0.3481952049617453,0.3452810248957418,0.3065237701425128,0.3533528742573673,0.2962515980763506,False,,0.3533528742573673,0.2962515980763506,0.3481952049617453,0.3452810248957418,0.3065237701425128,0.0,0.0,0.0,False,0.3481952049617453,0.3065237701425128,D,NARROW_DRAW_OVERRIDE,False,H,0.3481952049617453,H,0.3533528742573673,27.32284169782608,1.0,False,H,False,False,False,True,True,prob_draw>=0.335 & gap<=0.010,False,,0.0029141800660034,0.3452810248957418,True,D,prob_draw>=0.33 & gap<=0.02,,,,,,,,,,,,,,,,,,,,,,,,,,,,,,,,,,,,,,False,0,1,-5.100000000000001,1,False,True,False,False,False,False,10,False,True,False,False,True,False,False,,False,False,False,False,False,,"type=neutral; flags=draw_risk,away_title_race,away_adverse; elo=-27.323; xg_diff=-5.100; rank_gap=1.000; prob_draw=0.345; draw_gap=0.003; lab_edge=; adv_home=0.40; adv_away=1.93; home_ctx=mid; away_ctx=title",0.9802877946860205,0.1377341874131182,0.6432663517768595,0.0,0.0,0.1350191428320766,False,False,False,False,False,False,False,False,0.5206360871786041,0.3069431968081902,0.1588969558275907,stall,"draw_risk,close_top_gap",True,False,False,"type=neutral; flags=draw_risk,away_title_race,away_adverse; elo=-27.323; xg_diff=-5.100; rank_gap=1.000; prob_draw=0.345; draw_gap=0.003; lab_edge=; adv_home=0.40; adv_away=1.93; home_ctx=mid; away_ctx=title",D,"j1_lab_sim_stall:draw_risk,close_top_gap",True,False,False,False,True,False,False,False,0.2297316677912063,-0.0653504895634557,0.1148658338956031,-0.0495153443321473,0.38,0.2828447153982896,0.460146858791345,0.2570084258103655,D,"inherit_type_b:j1_lab_sim_stall:draw_risk,close_top_gap",True,False,False,,0.3481952049617453,0.3452810248957418,0.3065237701425128,0.3481952049617453,H,0.3481952049617453,CAL_ARGMAX,0.38,False,watch,False,,,,,,,,
J2,第１８節第１日,j2_2026_05231400_仙台_横浜FC,2026-05-23 14:00:00,ユアスタ,仙台,横浜FC,H,H,A,A,1,2,2,home_strong,home_strong,"home_strong,lab_away_matchup,home_title_race",False,0.1200142432662636,j2_lab_sim_hold:no_draw_risk,,0.4477576928194555,0.3277434495531919,0.2244988576273526,0.3385607962786132,0.2670632339592989,0.3943759697620879,0.3385607962786132,0.2670632339592989,0.3943759697620879,HOLD,3.36,"被シュート成功率差=H優位(整合,7.80); シュート成功率差=A優位(逆行,-1.08)",,,3.88,8.59,0.0,0.0,,,,,,,3.88,8.59,,,False,False,False,21.0,19.8,,True,15.1,4.5,12.8,1.9,405.9,73.4,11.6,52.9,12.4,45.7,14.1,18.4,49.9,51.7,11.2,18.3,38.5,22.2,,,,,,,,9.5,3.2,0.7,20.7,17.4,70.1,18.7,1.4,13.7,0.9,13.7,7.0,0.0,17.7,5.0,10.9,1.9,471.9,75.6,14.1,54.0,10.6,50.9,17.9,17.2,50.9,58.9,13.3,19.9,37.5,30.2,,,,,,,,10.3,4.7,1.8,19.3,18.0,68.1,17.0,0.6,14.1,0.9,13.4,1.0,0.0,,0.0,,,,0.0,,,1,38,0,3,0.3,0,3,0.3,2026,20260508,5,20,1,2,1.2,0,3,0.3,2026,20260508,0.0,0.0,0.0,0.0,0.0,0.0,0.0,0.0,True,True,0.05,0.03,0.02,0.05,0.03,0.02,False,False,2026-05-08,team_master_stats_j2_2026_asof_20260508.csv,1565,1486,0.3333,0.3333,4.2,4.2,,,1.15,79.1942,83.3942,79.1942,69.7478,69.7478,69.7478,0.5725,True,0.4477576928194555,0.3277434495531919,0.2244988576273526,off,0.4477576928194555,0.3277434495531919,0.2244988576273526,0.4477576928194555,0.2244988576273526,False,,0.4477576928194555,0.2244988576273526,0.4477576928194555,0.3277434495531919,0.2244988576273526,0.0,0.0,0.0,False,0.4477576928194555,0.2244988576273526,H,ARGMAX,False,H,0.4477576928194555,H,0.4477576928194555,69.74783842182724,1.0,False,H,False,False,True,True,False,,,,0.1200142432662636,0.3277434495531919,False,H,,2.0,1.0,1.0,0.0,4.44,7.8,-1.08,8.52,8.59,-0.0700000000000002,5.71,13.51,-7.8,11.89,11.36,0.5300000000000011,11.54,12.62,-1.08,0.57,1.43,-0.86,0.841,1.038,-0.197,1.71,1.86,-0.1500000000000001,1.323,1.444,-0.121,13.8,14.6,-0.7999999999999989,51.2234,57.2892,-6.065800000000003,False,2,1,-8.0,-4,False,True,False,True,False,True,10,True,False,False,False,False,True,True,-9.6175,False,True,False,False,False,,"type=home_strong; flags=home_strong,lab_away_matchup,home_title_race; elo=69.748; xg_diff=-8.000; rank_gap=-4.000; prob_draw=0.328; draw_gap=0.120; lab_edge=-9.617; adv_home=0.40; adv_away=0.97; home_ctx=title; away_ctx=mid",0.4655415438341859,0.1231195412943266,0.3285727428182421,0.0,0.0,0.0,False,False,False,False,False,False,False,False,0.0716151743297878,0.3,0.4920049851431922,hold,no_draw_risk,False,False,False,"type=home_strong; flags=home_strong,lab_away_matchup,home_title_race; elo=69.748; xg_diff=-8.000; rank_gap=-4.000; prob_draw=0.328; draw_gap=0.120; lab_edge=-9.617; adv_home=0.40; adv_away=0.97; home_ctx=title; away_ctx=mid",A,j2_lab_sim_hold:no_draw_risk,False,False,False,False,False,False,False,False,0.3397542242694705,-0.1091968965408423,-0.060680215593893,0.1698771121347352,0.39,0.3385607962786132,0.2670632339592989,0.3943759697620879,,,False,False,,,0.3785924034389499,0.3341706329081385,0.2872369636529116,0.3785924034389499,H,0.3785924034389499,CAL_ARGMAX,0.34,True,trusted,False,False,False,False,False,,,,
J2,第１８節第１日,j2_2026_05231400_札幌_磐田,2026-05-23 14:00:00,プレド,札幌,磐田,A,A,D,D,2,0,0,home_strong,home_strong,"draw_risk,home_strong,lab_home_matchup,away_relegation_risk",True,0.0220153320248808,weak_draw_hold:draw_risk,inherit_type_b:weak_draw_hold:draw_risk,0.2985592651453971,0.339712701414861,0.3617280334397418,0.2547702458929897,0.4567146539366483,0.2885151001703619,0.2547702458929897,0.4567146539366483,0.2885151001703619,CAUTION,-2.97,"被シュート成功率差=H優位(逆行,3.44); シュート成功率差=H優位(逆行,2.50)",,,2.33,6.81,0.0,0.0,,,,,,,2.33,6.81,,,False,False,False,21.0,19.8,,True,12.4,3.5,10.2,1.3,529.9,77.8,9.4,50.4,12.9,45.1,13.3,16.3,51.1,54.0,10.5,16.8,35.5,23.6,,,,,,,,12.5,4.0,1.2,20.9,19.9,60.5,18.7,1.7,19.9,1.3,19.9,4.0,0.0,10.7,2.5,8.1,0.9,417.9,71.3,7.7,49.6,10.8,49.4,15.7,22.9,51.6,50.2,8.5,16.8,35.8,19.5,,,,,,,,11.9,3.7,1.1,22.9,20.1,64.8,21.5,1.7,19.5,1.3,18.8,4.0,0.0,,0.0,,,,0.0,,,4,25,2,3,2.3,3,6,3.6,2026,20260508,8,22,0,3,0.3,0,4,0.4,2026,20260508,0.100709,0.333333,0.042553,2.0,0.0,0.0,0.0,1.0,False,False,0.100709,0.333333,0.042553,0.0,0.0,0.0,False,False,2026-05-08,team_master_stats_j2_2026_asof_20260508.csv,1512,1541,0.1621,0.1621,4.2,4.2,,,1.15,-28.5729,-24.3729,-28.5729,-20.3846,-20.3846,-20.3846,0.4787,True,0.2985592651453971,0.339712701414861,0.3617280334397418,off,0.2985592651453971,0.339712701414861,0.3617280334397418,0.2985592651453971,0.3617280334397418,False,,0.2985592651453971,0.3617280334397418,0.2985592651453971,0.339712701414861,0.3617280334397418,0.0,0.0,0.0,False,0.2985592651453971,0.3617280334397418,A,ARGMAX,False,A,0.3617280334397418,A,0.3617280334397418,20.39465278036968,1.0,False,A,False,False,True,True,False,,,,0.0220153320248808,0.339712701414861,False,A,,2.0,0.0,2.0,2.0,2.97,3.44,2.5,10.93,8.43,2.5,10.64,14.08,-3.4399999999999995,9.02,9.58,-0.5600000000000005,7.32,4.82,2.5,1.43,1.43,0.0,1.503,1.271,0.2319999999999999,0.86,0.57,0.29,1.403,1.164,0.2390000000000001,16.5,14.5,2.0,54.6375,52.3874,2.2501000000000033,False,2,0,4.100000000000001,-4,False,False,False,False,True,True,10,False,False,False,True,True,False,True,0.3860000000000005,True,False,False,False,False,,"type=home_strong; flags=draw_risk,home_strong,lab_home_matchup,away_relegation_risk; elo=-20.385; xg_diff=4.100; rank_gap=-4.000; prob_draw=0.340; draw_gap=0.022; lab_edge=0.386; adv_home=0.81; adv_away=0.54; home_ctx=mid; away_ctx=relegation",0.8595664683898022,0.3710314178457174,0.6641524481721683,0.0,0.0,0.3189261654993044,False,False,False,False,False,False,False,False,0.4645307220600893,0.2002780233283743,0.1954397666175203,stall,draw_risk,False,False,False,"type=home_strong; flags=draw_risk,home_strong,lab_home_matchup,away_relegation_risk; elo=-20.385; xg_diff=4.100; rank_gap=-4.000; prob_draw=0.340; draw_gap=0.022; lab_edge=0.386; adv_home=0.81; adv_away=0.54; home_ctx=mid; away_ctx=relegation",D,weak_draw_hold:draw_risk,False,True,False,False,True,True,False,False,0.2340039050435747,-0.0437890192524074,0.1170019525217873,-0.0732129332693799,0.42,0.2547702458929897,0.4567146539366483,0.2885151001703619,D,inherit_type_b:weak_draw_hold:draw_risk,False,True,,,0.3192029287209031,0.3361238737913363,0.3446731974877606,0.3446731974877606,A,0.3446731974877606,CAL_ARGMAX,0.34,True,trusted,False,False,False,False,False,,,,
J2,第１８節第１日,j2_2026_05231400_藤枝_いわき,2026-05-23 14:00:00,藤枝サ,藤枝,いわき,A,A,A,A,2,2,2,away_strong,away_strong,"away_strong,lab_style_conflict,away_title_race,away_adverse",False,0.0619973494783186,j2_lab_sim_hold:no_draw_risk,,0.2656252408343865,0.3361887048436474,0.3981860543219661,0.2764760247469724,0.2761343699770651,0.4473896052759625,0.2764760247469724,0.2761343699770651,0.4473896052759625,CAUTION,-2.67,"被シュート成功率差=拮抗(中立,0.43); シュート成功率差=H優位(逆行,4.91)",,,4.27,8.06,0.0,0.0,,,,,,,4.27,8.06,,,False,False,False,21.0,19.8,,True,12.4,3.5,9.7,1.2,411.9,73.1,13.9,49.5,10.2,38.6,14.9,16.8,51.4,51.7,10.0,19.7,35.7,21.4,,,,,,,,12.5,3.4,1.1,24.9,20.7,62.1,20.2,1.1,21.6,1.4,19.3,3.0,0.0,15.3,4.1,9.1,1.4,337.2,65.3,10.1,45.4,12.5,47.1,16.1,26.1,56.6,47.7,11.6,18.8,40.3,24.7,,,,,,,,10.5,2.7,1.1,27.1,19.4,73.2,20.7,1.3,16.2,1.0,16.2,5.0,0.0,,0.0,,,,0.0,,,5,24,0,1,0.1,-1,2,-0.8,2026,20260508,2,28,0,0,0.0,0,2,0.2,2026,20260508,0.051064,0.0,0.06383,1.0,0.1,0.25,0.0625,2.0,False,False,0.051064,0.0,0.06383,0.1,0.25,0.0625,False,False,2026-05-08,team_master_stats_j2_2026_asof_20260508.csv,1474,1529,-0.1739,-0.1739,4.2,4.2,,,1.15,-54.5989,-50.3989,-54.5989,-42.1518,-42.1518,-42.1518,0.456,False,0.2656252408343865,0.3361887048436474,0.3981860543219661,off,0.2656252408343865,0.3361887048436474,0.3981860543219661,0.2656252408343865,0.3981860543219661,False,,0.2656252408343865,0.3981860543219661,0.2656252408343865,0.3361887048436474,0.3981860543219661,0.0,0.0,0.0,False,0.2656252408343865,0.3981860543219661,A,ARGMAX,False,A,0.3981860543219661,A,0.3981860543219661,42.14688921094033,1.0,False,A,False,False,True,True,False,,,,0.0619973494783186,0.3361887048436474,False,A,,2.0,0.0,1.0,1.0,2.67,0.43,4.91,12.86,6.37,6.489999999999999,8.04,8.47,-0.4300000000000015,9.26,12.18,-2.92,13.92,9.01,4.91,1.29,0.71,0.5800000000000001,1.827,0.741,1.086,1.57,1.43,0.1400000000000001,1.401,1.635,-0.2339999999999999,11.1,13.8,-2.700000000000001,48.2265,49.385,-1.1584999999999963,False,0,3,-3.3000000000000007,3,True,True,True,False,False,False,10,False,True,False,False,True,False,True,4.9659999999999975,False,False,True,False,False,,"type=away_strong; flags=away_strong,lab_style_conflict,away_title_race,away_adverse; elo=-42.152; xg_diff=-3.300; rank_gap=3.000; prob_draw=0.336; draw_gap=0.062; lab_edge=4.966; adv_home=0.41; adv_away=1.25; home_ctx=mid; away_ctx=title",0.6003706137336038,0.5249697540363729,0.5702102698547113,0.0,0.1977007153218328,0.0,False,False,False,False,False,False,False,False,0.2642830572654711,0.0,0.325811313272383,hold,no_draw_risk,False,False,False,"type=away_strong; flags=away_strong,lab_style_conflict,away_title_race,away_adverse; elo=-42.152; xg_diff=-3.300; rank_gap=3.000; prob_draw=0.336; draw_gap=0.062; lab_edge=4.966; adv_home=0.41; adv_away=1.25; home_ctx=mid; away_ctx=title",A,j2_lab_sim_hold:no_draw_risk,False,False,False,False,False,False,False,False,0.1201086697331647,0.0108507839125859,-0.0600543348665823,0.0492035509539964,0.41,0.2764760247469724,0.2761343699770651,0.4473896052759625,,,False,False,,,0.3053809015665742,0.3355578349938679,0.3590612634395579,0.3590612634395579,A,0.3590612634395579,CAL_ARGMAX,0.34,True,trusted,False,False,False,False,False,,,,
J2,第１８節第２日,j2_2026_05241400_秋田_栃木Ｃ,2026-05-24 14:00:00,ソユスタ,秋田,栃木Ｃ,H,H,D,D,1,0,0,home_strong,home_strong,"draw_risk,home_strong,lab_away_matchup,lab_style_conflict,home_title_race,away_relegation_risk",True,0.0489744466734909,"weak_draw_hold:draw_risk,lab_style_conflict","inherit_type_b:weak_draw_hold:draw_risk,lab_style_conflict",0.386546960757654,0.337572514084163,0.275880525158183,0.2710434039101201,0.4546728574531571,0.2742837386367228,0.2710434039101201,0.4546728574531571,0.2742837386367228,HOLD,-4.5,被シュート成功率差=H優位(8.49); シュート成功率差=拮抗(0.51),,,3.9,7.03,0.0,0.0,,,,,,,3.9,7.03,,,False,False,False,21.0,19.8,,True,11.5,3.4,11.0,1.3,286.3,53.5,9.1,44.9,9.1,39.0,13.1,32.2,55.4,44.3,7.7,15.7,42.4,19.6,,,,,,,,10.8,3.1,0.9,29.2,16.8,69.4,22.3,1.1,17.7,1.1,15.4,6.0,0.0,10.4,3.3,10.9,1.1,439.7,73.0,15.1,50.0,11.4,45.6,14.3,18.9,52.4,53.5,8.7,17.6,38.4,13.7,,,,,,,,16.1,5.3,2.1,30.2,16.9,59.7,20.2,0.8,25.5,1.7,23.1,2.0,0.0,,0.0,,,,0.0,,,3,28,0,0,0.0,0,3,0.3,2026,20260508,8,16,2,1,2.1,2,4,2.4,2026,20260508,0.071111,0.0,0.088889,2.0,0.0,0.0,0.0,0.0,False,True,0.071111,0.0,0.088889,0.05,0.03,0.02,False,False,2026-05-08,team_master_stats_j2_2026_asof_20260508.csv,1514,1478,-0.6333,-0.6333,4.2,4.2,,,1.15,36.0638,40.2638,36.0638,33.6752,33.6752,33.6752,0.5352,False,0.386546960757654,0.337572514084163,0.275880525158183,off,0.386546960757654,0.337572514084163,0.275880525158183,0.386546960757654,0.275880525158183,False,,0.386546960757654,0.275880525158183,0.386546960757654,0.337572514084163,0.275880525158183,0.0,0.0,0.0,False,0.386546960757654,0.275880525158183,H,ARGMAX,False,H,0.386546960757654,H,0.386546960757654,33.67308357963348,1.0,False,H,False,False,True,True,False,,,,0.0489744466734909,0.337572514084163,False,H,,2.0,0.0,0.0,0.0,4.5,8.49,0.51,7.3,11.26,-3.96,7.04,15.53,-8.489999999999998,9.49,7.62,1.87,10.23,9.72,0.5099999999999998,0.71,2.29,-1.58,1.028,1.344,-0.316,1.29,1.0,0.29,1.453,0.869,0.5840000000000001,10.0,13.4,-3.4000000000000004,43.7998,53.596,-9.7962,False,2,0,5.900000000000002,-5,False,False,False,False,True,True,10,True,False,False,True,False,False,True,-8.136,False,True,True,False,False,,"type=home_strong; flags=draw_risk,home_strong,lab_away_matchup,lab_style_conflict,home_title_race,away_relegation_risk; elo=33.675; xg_diff=5.900; rank_gap=-5.000; prob_draw=0.338; draw_gap=0.049; lab_edge=-8.136; adv_home=0.57; adv_away=0.78; home_ctx=title; away_ctx=relegation",0.6854190766443983,0.4313104284034692,0.5837756173480266,0.0,0.3548910984666744,0.2956283955834057,False,False,False,False,False,False,False,False,0.5739226544425172,0.3367518444216968,0.1908444391127648,stall,"draw_risk,lab_style_conflict",False,False,False,"type=home_strong; flags=draw_risk,home_strong,lab_away_matchup,lab_style_conflict,home_title_race,away_relegation_risk; elo=33.675; xg_diff=5.900; rank_gap=-5.000; prob_draw=0.338; draw_gap=0.049; lab_edge=-8.136; adv_home=0.57; adv_away=0.78; home_ctx=title; away_ctx=relegation",D,"weak_draw_hold:draw_risk,lab_style_conflict",False,True,False,False,True,False,False,True,0.2342006867379881,-0.1155035568475338,0.117100343368994,-0.0015967865214602,0.44,0.2710434039101201,0.4546728574531571,0.2742837386367228,D,"inherit_type_b:weak_draw_hold:draw_risk,lab_style_conflict",False,True,,,0.3544787277333021,0.335780989336886,0.3097402829298118,0.3544787277333021,H,0.3544787277333021,CAL_ARGMAX,0.34,True,trusted,False,False,False,False,False,,,,
J2,第１８節第２日,j2_2026_05241400_山形_湘南,2026-05-24 14:00:00,ＮＤスタ,山形,湘南,A,A,D,D,2,0,0,away_strong,away_strong,"draw_risk,away_strong,lab_style_conflict,away_title_race",True,0.0350156903667991,"j2_lab_sim_stall:draw_risk,lab_style_conflict","inherit_type_b:j2_lab_sim_stall:draw_risk,lab_style_conflict",0.2873641372356425,0.3388100861987791,0.3738257765655783,0.2410014150181788,0.4695786519388781,0.2894199330429429,0.2410014150181788,0.4695786519388781,0.2894199330429429,GO,0.58,"被シュート成功率差=H優位(整合,1.43); シュート成功率差=拮抗(中立,-0.27)",,,4.68,6.94,0.0,0.0,,,,,,,4.68,6.94,,,False,False,False,21.0,19.8,,True,9.4,2.9,10.6,1.0,403.1,74.7,8.3,50.4,9.6,51.4,10.4,18.2,48.1,49.2,8.2,15.6,32.6,13.4,,,,,,,,15.3,4.4,1.2,28.7,17.7,64.5,22.4,1.1,24.6,1.6,23.9,3.0,0.0,11.4,3.9,14.0,1.6,443.2,71.9,12.5,50.3,13.7,45.1,13.8,19.3,48.5,52.9,10.1,19.3,37.9,17.3,,,,,,,,12.8,3.0,0.9,23.9,20.3,64.3,22.0,1.1,17.9,1.1,17.1,5.0,0.0,,0.0,,,,0.0,,,6,19,-1,0,-1.0,0,2,0.2,2026,20260508,2,31,0,3,0.3,0,3,0.3,2026,20260508,0.0,0.0,0.0,0.0,0.017391,0.0,0.021739,1.0,True,False,0.05,0.03,0.02,0.017391,0.0,0.021739,False,False,2026-05-08,team_master_stats_j2_2026_asof_20260508.csv,1498,1535,-1.1833,-1.1833,4.2,4.2,,,1.15,-37.2682,-33.0682,-37.2682,-27.657,-27.657,-27.657,0.4711,False,0.2873641372356425,0.3388100861987791,0.3738257765655783,off,0.2873641372356425,0.3388100861987791,0.3738257765655783,0.2873641372356425,0.3738257765655783,False,,0.2873641372356425,0.3738257765655783,0.2873641372356425,0.3388100861987791,0.3738257765655783,0.0,0.0,0.0,False,0.2873641372356425,0.3738257765655783,A,ARGMAX,False,A,0.3738257765655783,A,0.3738257765655783,27.660304883895016,1.0,False,A,False,False,True,True,False,,,,0.0350156903667991,0.3388100861987791,False,A,,2.0,1.0,0.0,0.0,0.85,1.43,-0.27,15.51,8.19,7.32,5.51,6.94,-1.4300000000000006,6.7,10.0,-3.3,13.21,13.48,-0.2699999999999996,1.0,0.71,0.29,1.959,0.984,0.975,1.0,1.71,-0.71,0.729,1.117,-0.388,11.0,15.7,-4.699999999999999,46.9886,55.8546,-8.866,False,0,2,-3.9,4,False,True,True,False,False,False,10,False,True,False,False,True,False,True,-2.1885,False,False,True,False,False,,"type=away_strong; flags=draw_risk,away_strong,lab_style_conflict,away_title_race; elo=-27.657; xg_diff=-3.900; rank_gap=4.000; prob_draw=0.339; draw_gap=0.035; lab_edge=-2.188; adv_home=0.40; adv_away=0.41; home_ctx=mid; away_ctx=title",0.7759301830087489,0.6139511134989827,0.7111385552048425,0.0,0.5329417556979236,0.4763831998556908,False,True,True,True,False,False,False,False,0.6106759033811708,0.1103577534507976,0.1523411018088462,stall,"draw_risk,lab_style_conflict",False,False,False,"type=away_strong; flags=draw_risk,away_strong,lab_style_conflict,away_title_race; elo=-27.657; xg_diff=-3.900; rank_gap=4.000; prob_draw=0.339; draw_gap=0.035; lab_edge=-2.188; adv_home=0.40; adv_away=0.41; home_ctx=mid; away_ctx=title",D,"j2_lab_sim_stall:draw_risk,lab_style_conflict",True,False,False,False,True,False,False,False,0.2615371314801981,-0.0463627222174636,0.1307685657400989,-0.0844058435226354,0.44,0.2410014150181788,0.4695786519388781,0.2894199330429429,D,"inherit_type_b:j2_lab_sim_stall:draw_risk,lab_style_conflict",True,False,,,0.3145599275799894,0.3359795942932453,0.3494604781267653,0.3494604781267653,A,0.3494604781267653,CAL_ARGMAX,0.34,True,trusted,False,False,False,False,False,,,,
J2,第１８節第２日,j2_2026_05241400_徳島_今治,2026-05-24 14:00:00,鳴門大塚,徳島,今治,H,H,H,H,1,1,1,home_strong,home_strong,"home_strong,lab_home_matchup,lab_style_conflict,home_title_race,away_relegation_risk",False,0.0659117324612389,"j2_lab_sim_hold:stable_lab_support,no_draw_risk",,0.4016439864630199,0.3357322540017809,0.262623759535199,0.5119473830926157,0.274922663352702,0.2131299535546822,0.5119473830926157,0.274922663352702,0.2131299535546822,GO,9.37,"被シュート成功率差=H優位(整合,3.98); シュート成功率差=H優位(整合,14.76)",,,3.82,6.42,0.0,0.0,,,,,,,3.82,6.42,,,False,False,False,21.0,19.8,,True,11.1,4.9,19.3,2.1,450.4,78.4,11.0,55.8,13.9,42.6,12.9,12.7,48.7,51.8,9.4,18.6,32.6,17.4,,,,,,,,13.1,4.1,1.1,22.5,19.0,65.6,18.9,1.5,18.3,1.2,17.5,8.0,0.0,12.3,3.7,5.4,0.7,406.8,71.1,11.1,47.3,13.5,41.9,14.1,16.9,48.3,48.8,8.6,17.9,40.3,16.6,,,,,,,,10.8,3.2,0.9,21.9,19.5,64.8,23.0,1.8,15.4,1.0,14.6,5.0,0.0,,0.0,,,,0.0,,,2,28,0,0,0.0,0,0,0.0,2026,20260508,8,16,1,3,1.3,-1,3,-0.7,2026,20260508,0.1,0.0,0.125,2.0,0.0,0.0,0.0,0.0,False,True,0.1,0.0,0.125,0.05,0.03,0.02,False,False,2026-05-08,team_master_stats_j2_2026_asof_20260508.csv,1531,1485,0.0952,0.0952,4.2,4.2,,,1.15,46.763,50.963,46.763,42.6236,42.6236,42.6236,0.5445,True,0.4016439864630199,0.3357322540017809,0.262623759535199,off,0.4016439864630199,0.3357322540017809,0.262623759535199,0.4016439864630199,0.262623759535199,False,,0.4016439864630199,0.262623759535199,0.4016439864630199,0.3357322540017809,0.262623759535199,0.0,0.0,0.0,False,0.4016439864630199,0.262623759535199,H,ARGMAX,False,H,0.4016439864630199,H,0.4016439864630199,42.618636126386605,1.0,False,H,False,False,True,True,False,,,,0.0659117324612389,0.3357322540017809,False,H,,2.0,2.0,0.0,0.0,9.37,3.98,14.76,10.98,8.24,2.74,5.88,9.86,-3.979999999999999,10.11,6.62,3.4899999999999993,21.43,6.67,14.76,0.71,1.0,-0.29,1.037,1.071,-0.034,2.57,0.57,2.0,1.282,0.816,0.4660000000000001,13.4,12.3,1.0999999999999996,51.8313,53.0585,-1.2272000000000034,False,2,0,0.7999999999999972,-6,False,False,False,True,False,True,10,True,False,False,True,False,False,True,11.936000000000002,True,False,True,False,False,,"type=home_strong; flags=home_strong,lab_home_matchup,lab_style_conflict,home_title_race,away_relegation_risk; elo=42.624; xg_diff=0.800; rank_gap=-6.000; prob_draw=0.336; draw_gap=0.066; lab_edge=11.936; adv_home=0.80; adv_away=0.71; home_ctx=title; away_ctx=relegation",0.5746999672956465,0.4297768783348175,0.5167307317113149,0.0,0.1525905455313371,0.0,False,False,False,False,False,False,False,False,0.2635983810026714,0.0,0.5361527548722961,hold,"stable_lab_support,no_draw_risk",False,False,False,"type=home_strong; flags=home_strong,lab_home_matchup,lab_style_conflict,home_title_race,away_relegation_risk; elo=42.624; xg_diff=0.800; rank_gap=-6.000; prob_draw=0.336; draw_gap=0.066; lab_edge=11.936; adv_home=0.80; adv_away=0.71; home_ctx=title; away_ctx=relegation",H,"j2_lab_sim_hold:stable_lab_support,no_draw_risk",False,False,False,False,False,False,False,False,0.2206067932591914,0.1103033966295957,-0.0608095906490789,-0.0494938059805167,0.41,0.5119473830926157,0.274922663352702,0.2131299535546822,,,False,False,,,0.3604218086559877,0.3354839753490901,0.3040942159949221,0.3604218086559877,H,0.3604218086559877,CAL_ARGMAX,0.34,True,trusted,False,False,False,False,False,,,,
